[
  {
    "Comment": "Snowhill",
    "Id": 3,
    "NameId": 3961,
    "LocationId": 281,
    "Position": [ 51.391, 30.987, 363.156 ],
    "SpawnPosition": [ 51.391, 30.987, 363.156 ],
    "Heading": 1.487,
    "IconId": 1345,
    "NotificationType": 7,
    "SubNameId": 382845,
    "Unknown": 651,
    "TeleportLocationId": 210020,
    "Unknown2": 60,
    "AtlasName": "sacredgrove"
  },
  {
    "Comment": "Briarwood",
    "Id": 4,
    "NameId": 18140,
    "LocationId": 282,
    "Position": [ -808.386, -21.029, 1631.789 ],
    "SpawnPosition": [ -808.386, -21.029, 1631.789 ],
    "Heading": 0.14,
    "IconId": 1345,
    "NotificationType": 7,
    "SubNameId": 382845,
    "Unknown": 651,
    "TeleportLocationId": 210021,
    "Unknown2": 90,
    "AtlasName": "sacredgrove"
  },
  {
    "Comment": "Sanctuary",
    "Id": 5,
    "NameId": 3499,
    "LocationId": 283,
    "Position": [ -1414.636, -27.631, 351.567 ],
    "SpawnPosition": [ -1414.636, -27.631, 351.567 ],
    "Heading": 2.247,
    "IconId": 1345,
    "NotificationType": 7,
    "SubNameId": 382845,
    "Unknown": 651,
    "TeleportLocationId": 210022,
    "Unknown2": 20,
    "AtlasName": "sacredgrove"
  },
  {
    "Comment": "Greenwood Forest",
    "Id": 6,
    "NameId": 428995,
    "LocationId": 221686,
    "Position": [ -1587.1395, -44.37643, -547.8314 ],
    "SpawnPosition": [ -1582.568, -45.32353, -546.7941 ],
    "Heading": -0.21685,
    "IconId": 1345,
    "NotificationType": 7,
    "SubNameId": 382845,
    "Unknown": 651,
    "TeleportLocationId": 581,
    "Unknown2": 30,
    "AtlasName": "sacredgrove"
  },
  {
    "Comment": "Cobblestone Village",
    "Id": 7,
    "NameId": 18142,
    "LocationId": 285,
    "Position": [ -1904.46, -39.79, 413.316 ],
    "SpawnPosition": [ -1904.46, -39.79, 413.316 ],
    "Heading": 0.596,
    "IconId": 1345,
    "NotificationType": 7,
    "SubNameId": 382845,
    "TeleportLocationId": 210023,
    "Unknown2": 10,
    "AtlasName": "sacredgrove"
  },
  {
    "Comment": "Shrouded Glade",
    "Id": 8,
    "NameId": 3502,
    "LocationId": 11292,
    "Position": [ 1.167, 41.038, 1114.959 ],
    "SpawnPosition": [ 1.167, 41.038, 1114.959 ],
    "Heading": 2.477,
    "IconId": 1345,
    "NotificationType": 7,
    "SubNameId": 382845,
    "Unknown": 651,
    "TeleportLocationId": 210024,
    "Unknown2": 85,
    "AtlasName": "sacredgrove"
  },
  {
    "Comment": "Lakeshore",
    "Id": 9,
    "NameId": 18899,
    "LocationId": 11293,
    "Position": [ -733.952, 9.09, 945.973 ],
    "SpawnPosition": [ -733.952, 9.09, 945.973 ],
    "Heading": -2.673,
    "IconId": 1345,
    "NotificationType": 7,
    "SubNameId": 382845,
    "Unknown": 651,
    "TeleportLocationId": 210025,
    "Unknown2": 60,
    "AtlasName": "sacredgrove"
  },
  {
    "Comment": "Briarheart",
    "Id": 10,
    "NameId": 4029,
    "LocationId": 11294,
    "Position": [ 44.487, -30.922, 2804.612 ],
    "SpawnPosition": [ 44.487, -30.922, 2804.612 ],
    "Heading": -0.876,
    "IconId": 1345,
    "NotificationType": 7,
    "SubNameId": 382845,
    "Unknown": 651,
    "TeleportLocationId": 210026,
    "Unknown2": 95,
    "AtlasName": "sacredgrove"
  },
  {
    "Comment": "Cooking Table",
    "Id": 11,
    "NameId": 2061,
    "LocationId": 644,
    "Position": [ 89, 42, 1020 ],
    "SpawnPosition": [ 90.713486, 41.215576, 1021.5279 ],
    "Heading": 2.5,
    "IconId": 7546,
    "NotificationType": 6,
    "SubNameId": 382845,
    "TeleportLocationId": 646,
    "AtlasName": "sacredgrove"
  },
  {
    "Comment": "Wugachug",
    "Id": 12,
    "NameId": 3505,
    "LocationId": 11296,
    "Position": [ -70.419, 38.789, -445.165 ],
    "SpawnPosition": [ -70.419, 38.789, -445.165 ],
    "Heading": 0.643,
    "IconId": 1345,
    "NotificationType": 7,
    "SubNameId": 382845,
    "Unknown": 651,
    "TeleportLocationId": 210027,
    "Unknown2": 45,
    "AtlasName": "sacredgrove"
  },
  {
    "Comment": "Seaside",
    "Id": 13,
    "NameId": 3501,
    "LocationId": 11297,
    "Position": [ -636.96, 9.31, -1041.615 ],
    "SpawnPosition": [ -636.96, 9.31, -1041.615 ],
    "Heading": 2.06,
    "IconId": 1345,
    "NotificationType": 7,
    "SubNameId": 382845,
    "Unknown": 651,
    "TeleportLocationId": 210028,
    "Unknown2": 40,
    "AtlasName": "sacredgrove"
  },
  {
    "Comment": "Merry Vale",
    "Id": 14,
    "NameId": 4428,
    "LocationId": 11298,
    "Position": [ -1179.131, -34.879, -434.421 ],
    "SpawnPosition": [ -1179.131, -34.879, -434.421 ],
    "Heading": 1.538,
    "IconId": 1345,
    "NotificationType": 7,
    "SubNameId": 382845,
    "Unknown": 651,
    "TeleportLocationId": 210029,
    "Unknown2": 35,
    "AtlasName": "sacredgrove"
  },
  {
    "Comment": "Lavender Coast Pass",
    "Id": 15,
    "NameId": 41393,
    "LocationId": 11299,
    "Position": [ -2124.768, -23.903, -292.377 ],
    "SpawnPosition": [ -2124.768, -23.903, -292.377 ],
    "Heading": 1.694,
    "IconId": 1345,
    "NotificationType": 7,
    "SubNameId": 382845,
    "Unknown": 651,
    "TeleportLocationId": 210030,
    "Unknown2": 30,
    "AtlasName": "sacredgrove"
  },
  {
    "Comment": "Blackspore",
    "Id": 16,
    "NameId": 3500,
    "LocationId": 17569,
    "Position": [ -2140.764, -32.948, 1041.53 ],
    "SpawnPosition": [ -2140.764, -32.948, 1041.53 ],
    "Heading": 0.712,
    "IconId": 1345,
    "NotificationType": 7,
    "SubNameId": 382845,
    "Unknown": 651,
    "TeleportLocationId": 210031,
    "Unknown2": 80,
    "AtlasName": "sacredgrove"
  },
  {
    "Comment": "Highroad Junction",
    "Id": 17,
    "NameId": 103715,
    "LocationId": 200709,
    "Position": [ -444.471, -3.885, 186.237 ],
    "SpawnPosition": [ -444.471, -3.885, 186.237 ],
    "Heading": -1.218,
    "IconId": 1345,
    "NotificationType": 7,
    "SubNameId": 382845,
    "Unknown": 651,
    "TeleportLocationId": 200709,
    "Unknown2": 55,
    "AtlasName": "sacredgrove"
  },
  {
    "Comment": "Stillwater Crossing",
    "Id": 18,
    "NameId": 103701,
    "LocationId": 200710,
    "Position": [ -1264.574, -49.042, 784.906 ],
    "SpawnPosition": [ -1264.574, -49.042, 784.906 ],
    "Heading": -0.304,
    "IconId": 1345,
    "NotificationType": 7,
    "SubNameId": 382845,
    "Unknown": 651,
    "TeleportLocationId": 210033,
    "Unknown2": 60,
    "AtlasName": "sacredgrove"
  },
  {
    "Comment": "Perry's Pasture",
    "Id": 20,
    "NameId": 22776,
    "LocationId": 623,
    "Position": [ -71.964, 11.04, 226.4 ],
    "SpawnPosition": [ -71.964, 11.04, 226.4 ],
    "Heading": 1.561,
    "IconId": 7555,
    "NotificationType": 6,
    "SubNameId": 382862,
    "BreadcrumbQuestId": 1808,
    "TeleportLocationId": 210034,
    "AtlasName": "sacredgrove"
  },
  {
    "Comment": "Chugaroot Farm",
    "Id": 21,
    "NameId": 382811,
    "LocationId": 624,
    "Position": [ 58.901, 29.872, -345.668 ],
    "SpawnPosition": [ 58.901, 29.872, -345.668 ],
    "Heading": 0.42,
    "IconId": 7555,
    "NotificationType": 6,
    "SubNameId": 382863,
    "BreadcrumbQuestId": 1807,
    "TeleportLocationId": 210035,
    "AtlasName": "sacredgrove"
  },
  {
    "Comment": "Lakeshore Fields",
    "Id": 22,
    "NameId": 382812,
    "LocationId": 625,
    "Position": [ -797.42, 5.235, 938.269 ],
    "SpawnPosition": [ -797.42, 5.235, 938.269 ],
    "Heading": 2.835,
    "IconId": 7555,
    "NotificationType": 6,
    "SubNameId": 382864,
    "BreadcrumbQuestId": 1809,
    "TeleportLocationId": 210036,
    "AtlasName": "sacredgrove"
  },
  {
    "Comment": "Farnum's Farm",
    "Id": 23,
    "NameId": 382813,
    "LocationId": 626,
    "Position": [ -2161.46, -31.96, 371.82 ],
    "SpawnPosition": [ -2161.46, -31.96, 371.82 ],
    "Heading": -1.797,
    "IconId": 7555,
    "NotificationType": 6,
    "SubNameId": 382865,
    "BreadcrumbQuestId": 1806,
    "TeleportLocationId": 210037,
    "AtlasName": "sacredgrove"
  },
  {
    "Comment": "Queensfields",
    "Id": 24,
    "NameId": 7262,
    "LocationId": 627,
    "Position": [ -1490.254, -35.049, 409.188 ],
    "SpawnPosition": [ -1490.254, -35.049, 409.188 ],
    "Heading": 0.24,
    "IconId": 7555,
    "NotificationType": 6,
    "SubNameId": 382866,
    "BreadcrumbQuestId": 1805,
    "TeleportLocationId": 210038,
    "AtlasName": "sacredgrove"
  },
  {
    "Comment": "Brambleback Farm",
    "Id": 25,
    "NameId": 7126,
    "LocationId": 628,
    "Position": [ -708.851, -44.946, 2069.161 ],
    "SpawnPosition": [ -708.851, -44.946, 2069.161 ],
    "Heading": -0.938,
    "IconId": 7555,
    "NotificationType": 6,
    "SubNameId": 382867,
    "BreadcrumbQuestId": 1810,
    "TeleportLocationId": 210039,
    "AtlasName": "sacredgrove"
  },
  {
    "Comment": "Dartmoor Quarry",
    "Id": 28,
    "NameId": 382819,
    "LocationId": 631,
    "Position": [ -449.88, 26.369, -9.106 ],
    "SpawnPosition": [ -449.88, 26.369, -9.106 ],
    "Heading": 1.563,
    "IconId": 7561,
    "NotificationType": 6,
    "SubNameId": 382870,
    "TeleportLocationId": 210042,
    "AtlasName": "sacredgrove"
  },
  {
    "Comment": "Singing Crystal Mines",
    "Id": 30,
    "NameId": 4806,
    "LocationId": 633,
    "Position": [ 407.055, 47.112, 345.557 ],
    "SpawnPosition": [ 407.055, 47.112, 345.557 ],
    "Heading": -1.183,
    "IconId": 7561,
    "NotificationType": 6,
    "SubNameId": 382872,
    "TeleportLocationId": 210044,
    "AtlasName": "sacredgrove"
  },
  {
    "Comment": "Wildwood Speedway",
    "Id": 31,
    "NameId": 18206,
    "LocationId": 2569,
    "Position": [ -2267.635, -16.33359, 585.4462 ],
    "SpawnPosition": [ -2267.635, -16.33359, 585.4462 ],
    "Heading": -1.3558,
    "IconId": 14,
    "NotificationType": 6,
    "SubNameId": 382845,
    "BreadcrumbQuestId": 1801,
    "TeleportLocationId": 210045,
    "AtlasName": "sacredgrove"
  },
  {
    "Comment": "Thunder Falls Speedway",
    "Id": 32,
    "NameId": 3606,
    "LocationId": 202678,
    "Position": [ -915.60803, -39.1328, 1203.7272 ],
    "SpawnPosition": [ -915.60803, -39.1328, 1203.7272 ],
    "Heading": 0.73532,
    "IconId": 14,
    "NotificationType": 6,
    "SubNameId": 382845,
    "BreadcrumbQuestId": 1803,
    "TeleportLocationId": 210046,
    "AtlasName": "sacredgrove"
  },
  {
    "Comment": "Frost Ridge Speedway",
    "Id": 33,
    "NameId": 382855,
    "LocationId": 15729,
    "Position": [ -233.04828, 1.18629, -50.43592 ],
    "SpawnPosition": [ -233.04828, 1.18629, -50.43592 ],
    "Heading": 1.50844,
    "IconId": 14,
    "NotificationType": 6,
    "SubNameId": 382845,
    "BreadcrumbQuestId": 1802,
    "TeleportLocationId": 210047,
    "AtlasName": "sacredgrove"
  },
  {
    "Comment": "Tangletrack Speedway",
    "Id": 34,
    "NameId": 382856,
    "LocationId": 202681,
    "Position": [ -273.78687, -58.82937, 1951.8916 ],
    "SpawnPosition": [ -273.78687, -58.82937, 1951.8916 ],
    "Heading": 2.2423,
    "IconId": 14,
    "NotificationType": 6,
    "SubNameId": 382845,
    "BreadcrumbQuestId": 1804,
    "TeleportLocationId": 210048,
    "AtlasName": "sacredgrove"
  },
  {
    "Comment": "Briarwood Tower Defense",
    "Id": 35,
    "NameId": 382878,
    "LocationId": 634,
    "Position": [ -661.165, -70.824, 2269.309 ],
    "SpawnPosition": [ -661.165, -70.824, 2269.309 ],
    "Heading": 1.563,
    "IconId": 7582,
    "NotificationType": 6,
    "SubNameId": 382845,
    "BreadcrumbQuestId": 1815,
    "TeleportLocationId": 210049,
    "AtlasName": "sacredgrove"
  },
  {
    "Comment": "Bixie Tower Defense",
    "Id": 36,
    "NameId": 382879,
    "LocationId": 635,
    "Position": [ -1272.684, -14.268, 291.862 ],
    "SpawnPosition": [ -1272.684, -14.268, 291.862 ],
    "Heading": -2.857,
    "IconId": 7579,
    "NotificationType": 6,
    "SubNameId": 382845,
    "BreadcrumbQuestId": 1813,
    "TeleportLocationId": 210050,
    "AtlasName": "sacredgrove"
  },
  {
    "Comment": "Penguin Tower Defense",
    "Id": 37,
    "NameId": 382881,
    "LocationId": 636,
    "Position": [ 287.48, 24.895, 352.977 ],
    "SpawnPosition": [ 287.48, 24.895, 352.977 ],
    "Heading": -2.288,
    "IconId": 7588,
    "NotificationType": 6,
    "SubNameId": 382845,
    "BreadcrumbQuestId": 1814,
    "TeleportLocationId": 210051,
    "AtlasName": "sacredgrove"
  },
  {
    "Comment": "Garden Tower Defense",
    "Id": 38,
    "NameId": 382882,
    "LocationId": 637,
    "Position": [ -2070.558, -55.287, 210.402 ],
    "SpawnPosition": [ -2070.558, -55.287, 210.402 ],
    "Heading": 2.979,
    "IconId": 7585,
    "NotificationType": 6,
    "SubNameId": 382845,
    "BreadcrumbQuestId": 1812,
    "TeleportLocationId": 210052,
    "AtlasName": "sacredgrove"
  },
  {
    "Comment": "Sandstorm Speedway",
    "Id": 39,
    "NameId": 401623,
    "LocationId": 208369,
    "Position": [ 34.4962, -14.7574, -1188.9478 ],
    "SpawnPosition": [ 34.4962, -14.7574, -1188.9478 ],
    "Heading": 0.87331,
    "IconId": 14,
    "NotificationType": 6,
    "SubNameId": 382845,
    "BreadcrumbQuestId": 1880,
    "TeleportLocationId": 210053,
    "AtlasName": "sacredgrove"
  },
  {
    "Comment": "Checkers & Chess",
    "Id": 40,
    "NameId": 382885,
    "LocationId": 8854,
    "Position": [ -755.5508, -0.00576, 840.79816 ],
    "SpawnPosition": [ -755.5796, 0.17786, 843.7119 ],
    "Heading": -2.036829,
    "IconId": 1311,
    "NotificationType": 6,
    "SubNameId": 382845,
    "BreadcrumbQuestId": 1799,
    "TeleportLocationId": 210054,
    "AtlasName": "sacredgrove"
  },
  {
    "Comment": "Checkers & Chess",
    "Id": 41,
    "NameId": 382885,
    "LocationId": 200558,
    "Position": [ 46.71793, 39.60086, 1135.3673 ],
    "SpawnPosition": [ 46.71793, 39.60086, 1135.3673 ],
    "Heading": -2.68484,
    "IconId": 1311,
    "NotificationType": 6,
    "SubNameId": 382845,
    "BreadcrumbQuestId": 1799,
    "TeleportLocationId": 210055,
    "AtlasName": "sacredgrove"
  },
  {
    "Comment": "Checkers & Chess",
    "Id": 42,
    "NameId": 382885,
    "LocationId": 200519,
    "Position": [ -2154.941, -56.52817, 229.35889 ],
    "SpawnPosition": [ -2154.941, -56.52817, 229.35889 ],
    "Heading": 3.032775,
    "IconId": 1311,
    "NotificationType": 6,
    "SubNameId": 382845,
    "BreadcrumbQuestId": 1799,
    "TeleportLocationId": 210056,
    "AtlasName": "sacredgrove"
  },
  {
    "Comment": "Checkers & Chess",
    "Id": 43,
    "NameId": 382885,
    "LocationId": 200965,
    "Position": [ -447.2686, -3.35836, -1200.1073 ],
    "SpawnPosition": [ -447.2686, -3.35836, -1200.1073 ],
    "Heading": -0.36423,
    "IconId": 1311,
    "NotificationType": 6,
    "SubNameId": 382845,
    "BreadcrumbQuestId": 1799,
    "TeleportLocationId": 210057,
    "AtlasName": "sacredgrove"
  },
  {
    "Comment": "Checkers & Chess",
    "Id": 44,
    "NameId": 382885,
    "LocationId": 200567,
    "Position": [ 92.53994, 31.62422, -466.48236 ],
    "SpawnPosition": [ 94.24405, 32.009445, -464.31583 ],
    "Heading": -0.02258,
    "IconId": 1311,
    "NotificationType": 6,
    "SubNameId": 382845,
    "BreadcrumbQuestId": 1799,
    "TeleportLocationId": 210058,
    "AtlasName": "sacredgrove"
  },
  {
    "Comment": "Checkers & Chess",
    "Id": 45,
    "NameId": 382885,
    "LocationId": 200729,
    "Position": [ -1100.1327, -39.94212, -463.2913 ],
    "SpawnPosition": [ -1100.1327, -39.94212, -463.2913 ],
    "Heading": 1.192658,
    "IconId": 1311,
    "NotificationType": 6,
    "SubNameId": 382845,
    "BreadcrumbQuestId": 1799,
    "TeleportLocationId": 210059,
    "AtlasName": "sacredgrove"
  },
  {
    "Comment": "Checkers & Chess",
    "Id": 46,
    "NameId": 382885,
    "LocationId": 200575,
    "Position": [ -339.3621, 0.308314, -667.3594 ],
    "SpawnPosition": [ -339.3621, 0.308314, -667.3594 ],
    "Heading": -1.49064,
    "IconId": 1311,
    "NotificationType": 6,
    "SubNameId": 382845,
    "BreadcrumbQuestId": 1799,
    "TeleportLocationId": 210060,
    "AtlasName": "sacredgrove"
  },
  {
    "Comment": "Checkers & Chess",
    "Id": 47,
    "NameId": 382885,
    "LocationId": 200578,
    "Position": [ -471.35242, 9.840247, 784.50934 ],
    "SpawnPosition": [ -471.35242, 9.840247, 784.50934 ],
    "Heading": 1.526359,
    "IconId": 1311,
    "NotificationType": 6,
    "SubNameId": 382845,
    "BreadcrumbQuestId": 1799,
    "TeleportLocationId": 210061,
    "AtlasName": "sacredgrove"
  },
  {
    "Comment": "Checkers & Chess",
    "Id": 48,
    "NameId": 382885,
    "LocationId": 200582,
    "Position": [ -2081.44, -32.23664, 1090.9961 ],
    "SpawnPosition": [ -2081.44, -32.23664, 1090.9961 ],
    "Heading": 1.745709,
    "IconId": 1311,
    "NotificationType": 6,
    "SubNameId": 382845,
    "BreadcrumbQuestId": 1799,
    "TeleportLocationId": 210062,
    "AtlasName": "sacredgrove"
  },
  {
    "Comment": "Checkers & Chess",
    "Id": 49,
    "NameId": 382885,
    "LocationId": 200726,
    "Position": [ -1402.9706, -32.80105, 585.0563 ],
    "SpawnPosition": [ -1402.9706, -32.80105, 585.0563 ],
    "Heading": 1.298753,
    "IconId": 1311,
    "NotificationType": 6,
    "SubNameId": 382845,
    "BreadcrumbQuestId": 1799,
    "TeleportLocationId": 210063,
    "AtlasName": "sacredgrove"
  },
  {
    "Comment": "Checkers & Chess",
    "Id": 50,
    "NameId": 382885,
    "LocationId": 201497,
    "Position": [ -1094.5751, 5.473087, 414.86145 ],
    "SpawnPosition": [ -1094.5751, 5.473087, 414.86145 ],
    "Heading": 0.555952,
    "IconId": 1311,
    "NotificationType": 6,
    "SubNameId": 382845,
    "BreadcrumbQuestId": 1799,
    "TeleportLocationId": 210064,
    "AtlasName": "sacredgrove"
  },
  {
    "Comment": "Checkers & Chess",
    "Id": 51,
    "NameId": 382885,
    "LocationId": 202374,
    "Position": [ 30.42595, 61.47729, 1227.8445 ],
    "SpawnPosition": [ 30.42595, 61.47729, 1227.8445 ],
    "Heading": -1.74294,
    "IconId": 1311,
    "NotificationType": 6,
    "SubNameId": 382845,
    "BreadcrumbQuestId": 1799,
    "TeleportLocationId": 210065,
    "AtlasName": "sacredgrove"
  },
  {
    "Comment": "Arachnia's Lair",
    "Id": 52,
    "NameId": 2273,
    "LocationId": 925,
    "Position": [ -790.88934, -71.68879, 2153.0903 ],
    "SpawnPosition": [ -790.88934, -71.68879, 2153.0903 ],
    "Heading": -1.37445,
    "IconId": 11970,
    "NotificationType": 3,
    "SubNameId": 382845,
    "TeleportLocationId": 210066,
    "AtlasName": "sacredgrove"
  },
  {
    "Comment": "Hot Springs Haven",
    "Id": 53,
    "NameId": 3269,
    "LocationId": 934,
    "Position": [ 264.56537, 50.78422, 169.9138 ],
    "SpawnPosition": [ 264.56537, 50.78422, 169.9138 ],
    "Heading": -1.23209,
    "IconId": 11970,
    "NotificationType": 3,
    "SubNameId": 382845,
    "TeleportLocationId": 210067,
    "AtlasName": "sacredgrove"
  },
  {
    "Comment": "Bandit Hideout",
    "Id": 54,
    "NameId": 5172,
    "LocationId": 1130,
    "Position": [ -1698.971, -5.099, -574.389 ],
    "SpawnPosition": [ -1701.748, -5.8869452, -574.7701 ],
    "IconId": 11970,
    "NotificationType": 3,
    "SubNameId": 382845,
    "TeleportLocationId": 210068,
    "AtlasName": "sacredgrove"
  },
  {
    "Comment": "Tavern Cellar",
    "Id": 55,
    "NameId": 5493,
    "LocationId": 1133,
    "Position": [ -419.0894, 18.80167, -246.09895 ],
    "SpawnPosition": [ -420.28998, 17.148489, -241.41159 ],
    "Heading": -0.11835,
    "IconId": 11970,
    "NotificationType": 3,
    "SubNameId": 382845,
    "TeleportLocationId": 210069,
    "AtlasName": "sacredgrove"
  },
  {
    "Comment": "The Snarling Hedges",
    "Id": 56,
    "NameId": 21188,
    "LocationId": 17018,
    "Position": [ -901.3755, -49.95998, 1835.9248 ],
    "SpawnPosition": [ -901.3755, -49.95998, 1835.9248 ],
    "Heading": 0.587079,
    "IconId": 11970,
    "NotificationType": 3,
    "SubNameId": 382845,
    "TeleportLocationId": 210070,
    "AtlasName": "sacredgrove"
  },
  {
    "Comment": "Snowy Canyon",
    "Id": 57,
    "NameId": 4229,
    "LocationId": 1247,
    "Position": [ 421.3285, 84.54652, 643.1281 ],
    "SpawnPosition": [ 421.3285, 84.54652, 643.1281 ],
    "Heading": -0.00789,
    "IconId": 11970,
    "NotificationType": 3,
    "SubNameId": 382845,
    "TeleportLocationId": 210071,
    "AtlasName": "sacredgrove"
  },
  {
    "Comment": "The Bat Cave!",
    "Id": 58,
    "NameId": 6456,
    "LocationId": 1515,
    "Position": [ 496.56793, 47.07198, 357.09985 ],
    "SpawnPosition": [ 494.09744, 47.11174, 354.46637 ],
    "Heading": -2.19911,
    "IconId": 11970,
    "NotificationType": 3,
    "SubNameId": 382845,
    "TeleportLocationId": 210072,
    "AtlasName": "sacredgrove"
  },
  {
    "Comment": "Frostfang Caverns",
    "Id": 59,
    "NameId": 5698,
    "LocationId": 1631,
    "Position": [ 92.81789, 66.33743, 554.8647 ],
    "SpawnPosition": [ 92.75995, 65.63276, 550.32733 ],
    "Heading": -2.94524,
    "IconId": 11970,
    "NotificationType": 3,
    "SubNameId": 382845,
    "TeleportLocationId": 210073,
    "AtlasName": "sacredgrove"
  },
  {
    "Comment": "Robgoblin Treasure Trove",
    "Id": 60,
    "NameId": 5697,
    "LocationId": 1632,
    "Position": [ -537.5324, 26.03942, 772.46216 ],
    "SpawnPosition": [ -537.5324, 26.03942, 772.46216 ],
    "Heading": -0.74367,
    "IconId": 11970,
    "NotificationType": 3,
    "SubNameId": 382845,
    "TeleportLocationId": 210074,
    "AtlasName": "sacredgrove"
  },
  {
    "Comment": "Deep Mines",
    "Id": 61,
    "NameId": 5699,
    "LocationId": 2026,
    "Position": [ 489.98856, 47.29089, 273.6612 ],
    "SpawnPosition": [ 489.98856, 47.29089, 273.6612 ],
    "Heading": -1.40635,
    "IconId": 11970,
    "NotificationType": 3,
    "SubNameId": 382845,
    "TeleportLocationId": 210075,
    "AtlasName": "sacredgrove"
  },
  {
    "Comment": "Bixie Hive",
    "Id": 62,
    "NameId": 5702,
    "LocationId": 2039,
    "Position": [ -1445.6755, -38.34243, 49.8923 ],
    "SpawnPosition": [ -1445.6755, -38.34243, 49.8923 ],
    "Heading": -1.68449,
    "IconId": 11970,
    "NotificationType": 3,
    "SubNameId": 382845,
    "TeleportLocationId": 210076,
    "AtlasName": "sacredgrove"
  },
  {
    "Comment": "Forgotten Caves",
    "Id": 63,
    "NameId": 5703,
    "LocationId": 2040,
    "Position": [ -912.1867, -63.6597, 399.10583 ],
    "SpawnPosition": [ -912.1867, -63.6597, 399.10583 ],
    "Heading": -1.0755,
    "IconId": 11970,
    "NotificationType": 3,
    "SubNameId": 382845,
    "TeleportLocationId": 210077,
    "AtlasName": "sacredgrove"
  },
  {
    "Comment": "Danger Peaks",
    "Id": 64,
    "NameId": 5711,
    "LocationId": 2041,
    "Position": [ -1433.58, -13.73, -904.22 ],
    "SpawnPosition": [ -1433.58, -13.73, -904.22 ],
    "Heading": 2.683,
    "IconId": 11970,
    "NotificationType": 3,
    "SubNameId": 382845,
    "TeleportLocationId": 210078,
    "AtlasName": "sacredgrove"
  },
  {
    "Comment": "Forest Troll Fort",
    "Id": 65,
    "NameId": 5708,
    "LocationId": 2043,
    "Position": [ -433.5397, -0.11074, 1345.5323 ],
    "SpawnPosition": [ -433.5397, -0.11074, 1345.5323 ],
    "Heading": -2.42983,
    "IconId": 11970,
    "NotificationType": 3,
    "SubNameId": 382845,
    "TeleportLocationId": 210079,
    "AtlasName": "sacredgrove"
  },
  {
    "Comment": "Briarheart Caverns",
    "Id": 66,
    "NameId": 5707,
    "LocationId": 2044,
    "Position": [ -39.80192, -0.00425, 2904.154 ],
    "SpawnPosition": [ -37.412594, -0.50769836, 2902.978 ],
    "Heading": 2.65563,
    "IconId": 11970,
    "NotificationType": 3,
    "SubNameId": 382845,
    "TeleportLocationId": 210080,
    "AtlasName": "sacredgrove"
  },
  {
    "Comment": "Trail of Betrayal",
    "Id": 67,
    "NameId": 5706,
    "LocationId": 2045,
    "Position": [ -546.11505, -39.05046, 2591.9375 ],
    "SpawnPosition": [ -546.11505, -39.05046, 2591.9375 ],
    "Heading": -2.35114,
    "IconId": 11970,
    "NotificationType": 3,
    "SubNameId": 382845,
    "TeleportLocationId": 210081,
    "AtlasName": "sacredgrove"
  },
  {
    "Comment": "Highroad Hijinx",
    "Id": 68,
    "NameId": 5710,
    "LocationId": 2046,
    "Position": [ -2182.3503, -36.54442, 141.07704 ],
    "SpawnPosition": [ -2182.3503, -36.54442, 141.07704 ],
    "Heading": -0.44669,
    "IconId": 11970,
    "NotificationType": 3,
    "SubNameId": 382845,
    "TeleportLocationId": 210082,
    "AtlasName": "sacredgrove"
  },
  {
    "Comment": "Floren Forest",
    "Id": 69,
    "NameId": 5705,
    "LocationId": 2047,
    "Position": [ -223.1258, 3.543965, -804.55 ],
    "SpawnPosition": [ -224.64024, 3.5867133, -802.21405 ],
    "Heading": -0.565728,
    "IconId": 11970,
    "NotificationType": 3,
    "SubNameId": 382845,
    "TeleportLocationId": 210083,
    "AtlasName": "sacredgrove"
  },
  {
    "Comment": "Mugwort's Hollow",
    "Id": 70,
    "NameId": 5704,
    "LocationId": 2048,
    "Position": [ -115.59605, 20.982553, 800.9705 ],
    "SpawnPosition": [ -115.59605, 20.982553, 800.9705 ],
    "Heading": -1.333226,
    "IconId": 11970,
    "NotificationType": 3,
    "SubNameId": 382845,
    "TeleportLocationId": 210084,
    "AtlasName": "sacredgrove"
  },
  {
    "Comment": "Briar Patch",
    "Id": 71,
    "NameId": 5078,
    "LocationId": 10112,
    "Position": [ -407.724, -54.931015, 2097.3948 ],
    "SpawnPosition": [ -414.37982, -56.775875, 2093.9402 ],
    "Heading": 0.962367,
    "IconId": 11970,
    "NotificationType": 3,
    "SubNameId": 382845,
    "TeleportLocationId": 210085,
    "AtlasName": "sacredgrove"
  },
  {
    "Comment": "Croaking Vale",
    "Id": 72,
    "NameId": 18219,
    "LocationId": 9193,
    "Position": [ -319.8196, -102.04988, 2593.831 ],
    "SpawnPosition": [ -319.8196, -102.04988, 2593.831 ],
    "Heading": -0.068286,
    "IconId": 11970,
    "NotificationType": 3,
    "SubNameId": 382845,
    "TeleportLocationId": 210086,
    "AtlasName": "sacredgrove"
  },
  {
    "Comment": "Howling Hills",
    "Id": 73,
    "NameId": 6488,
    "LocationId": 2357,
    "Position": [ 387.37256, 117.92403, -16.92501 ],
    "SpawnPosition": [ 387.37256, 117.92403, -16.92501 ],
    "Heading": -0.64806,
    "IconId": 11970,
    "NotificationType": 3,
    "SubNameId": 382845,
    "TeleportLocationId": 210087,
    "AtlasName": "sacredgrove"
  },
  {
    "Comment": "Dark Spore Depths",
    "Id": 74,
    "NameId": 4469,
    "LocationId": 2364,
    "Position": [ -649.0293, -50.775303, 2506.9497 ],
    "SpawnPosition": [ -646.3868, -51.730152, 2505.7046 ],
    "Heading": 2.211096,
    "IconId": 11970,
    "NotificationType": 3,
    "SubNameId": 382845,
    "TeleportLocationId": 210088,
    "AtlasName": "sacredgrove"
  },
  {
    "Comment": "Mushroom Cavern",
    "Id": 75,
    "NameId": 4187,
    "LocationId": 2365,
    "Position": [ -67.66821, -30.3359, 2313.7883 ],
    "SpawnPosition": [ -67.66821, -30.3359, 2313.7883 ],
    "Heading": -2.12248,
    "IconId": 11970,
    "NotificationType": 3,
    "SubNameId": 382845,
    "TeleportLocationId": 210089,
    "AtlasName": "sacredgrove"
  },
  {
    "Comment": "Bristlewood Glade",
    "Id": 76,
    "NameId": 5701,
    "LocationId": 2366,
    "Position": [ -385.92633, -68.03617, 1871.8076 ],
    "SpawnPosition": [ -385.92633, -68.03617, 1871.8076 ],
    "Heading": 2.926351,
    "IconId": 11970,
    "NotificationType": 3,
    "SubNameId": 382845,
    "TeleportLocationId": 210090,
    "AtlasName": "sacredgrove"
  },
  {
    "Comment": "Vale of the Ancients",
    "Id": 77,
    "NameId": 18143,
    "LocationId": 2367,
    "Position": [ -850.7995, -61.67808, 2307.195 ],
    "SpawnPosition": [ -850.7995, -61.67808, 2307.195 ],
    "Heading": -1.57396,
    "IconId": 11970,
    "NotificationType": 3,
    "SubNameId": 382845,
    "TeleportLocationId": 210091,
    "AtlasName": "sacredgrove"
  },
  {
    "Comment": "Treeleaf's Retreat",
    "Id": 78,
    "NameId": 5133,
    "LocationId": 2451,
    "Position": [ -712.79144, -49.828957, 1752.5306 ],
    "SpawnPosition": [ -714.5876, -49.959984, 1749.8772 ],
    "Heading": -0.897927,
    "IconId": 11970,
    "NotificationType": 3,
    "SubNameId": 382845,
    "TeleportLocationId": 210092,
    "AtlasName": "sacredgrove"
  },
  {
    "Comment": "Grexan's Camp",
    "Id": 79,
    "NameId": 162,
    "LocationId": 3026,
    "Position": [ -680.3766, 44.23315, 1489.3203 ],
    "SpawnPosition": [ -685.1098, 42.848465, 1492.9368 ],
    "Heading": 2.3182,
    "IconId": 11970,
    "NotificationType": 3,
    "SubNameId": 382845,
    "TeleportLocationId": 210093,
    "AtlasName": "sacredgrove"
  },
  {
    "Comment": "Darvon's Descent",
    "Id": 80,
    "NameId": 7697,
    "LocationId": 5672,
    "Position": [ -903.47687, -47.86855, 239.3372 ],
    "SpawnPosition": [ -903.47687, -47.86855, 239.3372 ],
    "Heading": -3.13717,
    "IconId": 11970,
    "NotificationType": 3,
    "SubNameId": 382845,
    "TeleportLocationId": 210094,
    "AtlasName": "sacredgrove"
  },
  {
    "Comment": "Sweetwater Climb",
    "Id": 82,
    "NameId": 71769,
    "LocationId": 14052,
    "Position": [ 145.90443, 37.941364, -469.97418 ],
    "SpawnPosition": [ 145.90443, 37.941364, -469.97418 ],
    "Heading": 2.8937,
    "IconId": 11970,
    "NotificationType": 3,
    "SubNameId": 382845,
    "TeleportLocationId": 210096,
    "AtlasName": "sacredgrove"
  },
  {
    "Comment": "Den of Secrets",
    "Id": 83,
    "NameId": 71770,
    "LocationId": 14053,
    "Position": [ -803.671, -51.344, -678.601 ],
    "SpawnPosition": [ -803.671, -51.344, -678.601 ],
    "Heading": -0.834,
    "IconId": 11970,
    "NotificationType": 3,
    "SubNameId": 382845,
    "TeleportLocationId": 210097,
    "AtlasName": "sacredgrove"
  },
  {
    "Comment": "Cray Caves",
    "Id": 84,
    "NameId": 71694,
    "LocationId": 14055,
    "Position": [ -45.17574, -31.04914, -1172.1061 ],
    "SpawnPosition": [ -45.17574, -31.04914, -1172.1061 ],
    "Heading": 0.01899,
    "IconId": 11970,
    "NotificationType": 3,
    "SubNameId": 382845,
    "TeleportLocationId": 210098,
    "AtlasName": "sacredgrove"
  },
  {
    "Comment": "Cracked Claw Caverns",
    "Id": 85,
    "NameId": 71771,
    "LocationId": 14056,
    "Position": [ -2267.6985, -29.34597, 896.0162 ],
    "SpawnPosition": [ -2267.6985, -29.34597, 896.0162 ],
    "Heading": -2.64521,
    "IconId": 11970,
    "NotificationType": 3,
    "SubNameId": 382845,
    "TeleportLocationId": 210099,
    "AtlasName": "sacredgrove"
  },
  {
    "Comment": "Tanglewood Fort",
    "Id": 86,
    "NameId": 23555,
    "LocationId": 14057,
    "Position": [ -360.27728, -83.08238, 2403.6824 ],
    "SpawnPosition": [ -360.27728, -83.08238, 2403.6824 ],
    "Heading": 0.72159,
    "IconId": 11970,
    "NotificationType": 3,
    "SubNameId": 382845,
    "TeleportLocationId": 210100,
    "AtlasName": "sacredgrove"
  },
  {
    "Comment": "Sheep Watch",
    "Id": 87,
    "NameId": 71772,
    "LocationId": 14062,
    "Position": [ -2114.0537, -57.04427, 279.46436 ],
    "SpawnPosition": [ -2114.0537, -57.04427, 279.46436 ],
    "Heading": -0.03663,
    "IconId": 11970,
    "NotificationType": 3,
    "SubNameId": 382845,
    "TeleportLocationId": 210101,
    "AtlasName": "sacredgrove"
  },
  {
    "Comment": "Haunted Mines",
    "Id": 88,
    "NameId": 5700,
    "LocationId": 18310,
    "Position": [ -2587.9473, -19.11012, 1024.189 ],
    "SpawnPosition": [ -2587.9473, -19.11012, 1024.189 ],
    "Heading": -1.97721,
    "IconId": 11970,
    "NotificationType": 3,
    "SubNameId": 382845,
    "TeleportLocationId": 210102,
    "AtlasName": "sacredgrove"
  },
  {
    "Comment": "Hewey's Escape",
    "Id": 89,
    "NameId": 102010,
    "LocationId": 20103,
    "Position": [ -447.57938, -0.67554, 326.00995 ],
    "SpawnPosition": [ -447.57938, -0.67554, 326.00995 ],
    "Heading": -2.79147,
    "IconId": 11970,
    "NotificationType": 3,
    "SubNameId": 382845,
    "TeleportLocationId": 210103,
    "AtlasName": "sacredgrove"
  },
  {
    "Comment": "Misty Mountain",
    "Id": 90,
    "NameId": 71773,
    "LocationId": 200312,
    "Position": [ 158.58415, 44.722233, 1075.0023 ],
    "SpawnPosition": [ 158.58415, 44.722233, 1075.0023 ],
    "Heading": 2.405411,
    "IconId": 11970,
    "NotificationType": 3,
    "SubNameId": 382845,
    "TeleportLocationId": 210104,
    "AtlasName": "sacredgrove"
  },
  {
    "Comment": "Bristlewood",
    "Id": 93,
    "NameId": 3203,
    "LocationId": 207256,
    "Position": [ -532.374, -66.509, 2217.561 ],
    "SpawnPosition": [ -532.374, -66.509, 2217.561 ],
    "Heading": 1.135,
    "IconId": 1345,
    "NotificationType": 7,
    "SubNameId": 382845,
    "Unknown": 651,
    "TeleportLocationId": 210107,
    "Unknown2": 95,
    "AtlasName": "sacredgrove"
  },
  {
    "Comment": "Cooking Table",
    "Id": 94,
    "NameId": 2061,
    "LocationId": 8247,
    "Position": [ -464.4943, 9.46841, 772.88635 ],
    "SpawnPosition": [ -464.4943, 9.46841, 772.88635 ],
    "Heading": 0.49578,
    "IconId": 7546,
    "NotificationType": 6,
    "SubNameId": 382845,
    "BreadcrumbQuestId": 1811,
    "TeleportLocationId": 210108,
    "AtlasName": "sacredgrove"
  },
  {
    "Comment": "Cooking Table",
    "Id": 95,
    "NameId": 2061,
    "LocationId": 8826,
    "Position": [ -1244.5033, -14.29801, 404.81802 ],
    "SpawnPosition": [ -1244.5033, -14.29801, 404.81802 ],
    "Heading": 2.58452,
    "IconId": 7546,
    "NotificationType": 6,
    "SubNameId": 382845,
    "BreadcrumbQuestId": 1811,
    "TeleportLocationId": 210109,
    "AtlasName": "sacredgrove"
  },
  {
    "Comment": "Cooking Table",
    "Id": 96,
    "NameId": 2061,
    "LocationId": 8828,
    "Position": [ -815.1627, 1.858939, 840.8381 ],
    "SpawnPosition": [ -815.1627, 1.858939, 840.8381 ],
    "Heading": -1.493516,
    "IconId": 7546,
    "NotificationType": 6,
    "SubNameId": 382845,
    "BreadcrumbQuestId": 1811,
    "TeleportLocationId": 210110,
    "AtlasName": "sacredgrove"
  },
  {
    "Comment": "Cooking Table",
    "Id": 97,
    "NameId": 2061,
    "LocationId": 8829,
    "Position": [ -1950.1106, -39.96606, -605.36633 ],
    "SpawnPosition": [ -1950.1106, -39.96606, -605.36633 ],
    "Heading": 0.301185,
    "IconId": 7546,
    "NotificationType": 6,
    "SubNameId": 382845,
    "BreadcrumbQuestId": 1811,
    "TeleportLocationId": 210111,
    "AtlasName": "sacredgrove"
  },
  {
    "Comment": "Cooking Table",
    "Id": 98,
    "NameId": 2061,
    "LocationId": 8830,
    "Position": [ -1830.388, -41.14931, 430.96234 ],
    "SpawnPosition": [ -1830.0981, -42.23454, 433.4054 ],
    "Heading": 0.259827,
    "IconId": 7546,
    "NotificationType": 6,
    "SubNameId": 382845,
    "BreadcrumbQuestId": 1811,
    "TeleportLocationId": 210112,
    "AtlasName": "sacredgrove"
  },
  {
    "Comment": "Cooking Table",
    "Id": 99,
    "NameId": 2061,
    "LocationId": 8833,
    "Position": [ 200.45657, 23.015923, 353.35336 ],
    "SpawnPosition": [ 200.45657, 23.015923, 353.35336 ],
    "Heading": -2.085271,
    "IconId": 7546,
    "NotificationType": 6,
    "SubNameId": 382845,
    "BreadcrumbQuestId": 1811,
    "TeleportLocationId": 210113,
    "AtlasName": "sacredgrove"
  },
  {
    "Comment": "Cooking Table",
    "Id": 100,
    "NameId": 2061,
    "LocationId": 11429,
    "Position": [ -1033.7535, -30.043013, -541.8398 ],
    "SpawnPosition": [ -1033.7535, -30.043013, -541.8398 ],
    "Heading": -2.939857,
    "IconId": 7546,
    "NotificationType": 6,
    "SubNameId": 382845,
    "BreadcrumbQuestId": 1811,
    "TeleportLocationId": 210114,
    "AtlasName": "sacredgrove"
  },
  {
    "Comment": "Cooking Table",
    "Id": 101,
    "NameId": 2061,
    "LocationId": 18815,
    "Position": [ -447.97003, -87.990845, 2298.0803 ],
    "SpawnPosition": [ -447.97003, -87.990845, 2298.0803 ],
    "Heading": 3.131095,
    "IconId": 7546,
    "NotificationType": 6,
    "SubNameId": 382845,
    "BreadcrumbQuestId": 1811,
    "TeleportLocationId": 210115,
    "AtlasName": "sacredgrove"
  },
  {
    "Comment": "Cooking Table",
    "Id": 102,
    "NameId": 2061,
    "LocationId": 20102,
    "Position": [ -507.45856, -4.64466, 165.37996 ],
    "SpawnPosition": [ -508.62592, -5.4816384, 163.71758 ],
    "Heading": -1.62981,
    "IconId": 7546,
    "NotificationType": 6,
    "SubNameId": 382845,
    "BreadcrumbQuestId": 1811,
    "TeleportLocationId": 210116,
    "AtlasName": "sacredgrove"
  },
  {
    "Comment": "Cooking Table",
    "Id": 103,
    "NameId": 2061,
    "LocationId": 200707,
    "Position": [ -1256.3536, -58.379536, 863.0094 ],
    "SpawnPosition": [ -1256.1167, -59.183544, 865.0731 ],
    "Heading": 1.040654,
    "IconId": 7546,
    "NotificationType": 6,
    "SubNameId": 382845,
    "BreadcrumbQuestId": 1811,
    "TeleportLocationId": 210117,
    "AtlasName": "sacredgrove"
  },
  {
    "Comment": "Sam Potts",
    "Id": 104,
    "NameId": 74093,
    "LocationId": 10323,
    "Position": [ -1290.0687, -14.91131, 291.80383 ],
    "SpawnPosition": [ -1290.0687, -14.91131, 291.80383 ],
    "Heading": 1.08519,
    "IconId": 12161,
    "NotificationType": 6,
    "SubNameId": 382845,
    "TeleportLocationId": 210118,
    "AtlasName": "sacredgrove"
  },
  {
    "Comment": "Jili",
    "Id": 109,
    "NameId": 7607,
    "LocationId": 1941,
    "Position": [ -1217.5159, -14.341942, 453.04944 ],
    "SpawnPosition": [ -1217.5159, -14.341942, 453.04944 ],
    "Heading": -1.479956,
    "IconId": 12161,
    "NotificationType": 6,
    "SubNameId": 382845,
    "TeleportLocationId": 210123,
    "AtlasName": "sacredgrove"
  },
  {
    "Comment": "Poe Tatters",
    "Id": 110,
    "NameId": 38111,
    "LocationId": 14061,
    "Position": [ -1282.9117, -14.34194, 353.48657 ],
    "SpawnPosition": [ -1282.9117, -14.34194, 353.48657 ],
    "Heading": -3.09744,
    "IconId": 12161,
    "NotificationType": 6,
    "SubNameId": 382845,
    "TeleportLocationId": 210124,
    "AtlasName": "sacredgrove"
  },
  {
    "Comment": "Cooking Table",
    "Id": 114,
    "NameId": 2061,
    "LocationId": 12901,
    "Position": [ 90.36, 33.16, -357.51 ],
    "SpawnPosition": [ 90.36, 33.16, -357.51 ],
    "Heading": -0.674,
    "IconId": 7546,
    "NotificationType": 6,
    "SubNameId": 382845,
    "BreadcrumbQuestId": 1811,
    "TeleportLocationId": 210128,
    "AtlasName": "sacredgrove"
  },
  {
    "Comment": "Checkers & Chess",
    "Id": 115,
    "NameId": 382885,
    "LocationId": 208367,
    "Position": [ -569.113, -52.795, 2549.382 ],
    "SpawnPosition": [ -569.113, -52.795, 2549.382 ],
    "Heading": -0.742,
    "IconId": 1311,
    "NotificationType": 6,
    "SubNameId": 382845,
    "BreadcrumbQuestId": 1799,
    "TeleportLocationId": 210129,
    "AtlasName": "sacredgrove"
  },
  {
    "Comment": "Checkers & Chess",
    "Id": 116,
    "NameId": 382885,
    "LocationId": 208375,
    "Position": [ 266.242, 27.37, 475.972 ],
    "SpawnPosition": [ 266.85004, 26.104029, 473.59186 ],
    "Heading": -1.172,
    "IconId": 1311,
    "NotificationType": 6,
    "SubNameId": 382845,
    "BreadcrumbQuestId": 1799,
    "TeleportLocationId": 210130,
    "AtlasName": "sacredgrove"
  },
  {
    "Comment": "Snowhill Soccer Field",
    "Id": 117,
    "NameId": 407110,
    "LocationId": 207771,
    "Position": [ -145.95377, -6.12704, 259.3836 ],
    "SpawnPosition": [ -145.95377, -6.12704, 259.3836 ],
    "Heading": -3.01945,
    "IconId": 1317,
    "NotificationType": 6,
    "SubNameId": 382845,
    "BreadcrumbQuestId": 1881,
    "TeleportLocationId": 210131,
    "AtlasName": "sacredgrove"
  },
  {
    "Comment": "Checkers & Chess",
    "Id": 118,
    "NameId": 382885,
    "LocationId": 200719,
    "Position": [ -59.850487, 6.122627, 337.09293 ],
    "SpawnPosition": [ -55.905075, 5.02117, 337.5573 ],
    "Heading": 2.258657,
    "IconId": 1311,
    "NotificationType": 6,
    "SubNameId": 382845,
    "BreadcrumbQuestId": 1799,
    "TeleportLocationId": 210132,
    "AtlasName": "sacredgrove"
  },
  {
    "Comment": "Bone Bog Cemetery",
    "Id": 119,
    "NameId": 414849,
    "LocationId": 210900,
    "Position": [ -2386.5818, -23.78794, 1236.6423 ],
    "SpawnPosition": [ -2386.5818, -23.78794, 1236.6423 ],
    "Heading": -0.15856,
    "IconId": 11970,
    "NotificationType": 3,
    "SubNameId": 382845,
    "TeleportLocationId": 210953,
    "AtlasName": "sacredgrove"
  },
  {
    "Comment": "Sacred Grove Shallows",
    "Id": 120,
    "NameId": 408591,
    "LocationId": 209486,
    "Position": [ -1322.9724, -64.82256, 905.15906 ],
    "SpawnPosition": [ -55.905075, 5.02117, 337.5573 ],
    "Heading": 0.08236,
    "IconId": 21061,
    "NotificationType": 6,
    "SubNameId": 382845,
    "TeleportLocationId": 653,
    "AtlasName": "sacredgrove"
  },
  {
    "Comment": "Cursed Graveyard!",
    "Id": 121,
    "NameId": 115822,
    "LocationId": 200708,
    "Position": [ -1160.3678, -40.6939, 744.34753 ],
    "SpawnPosition": [ -1160.3678, -40.6939, 744.34753 ],
    "Heading": -0.46408,
    "IconId": 11970,
    "NotificationType": 3,
    "SubNameId": 382845,
    "TeleportLocationId": 215393,
    "AtlasName": "sacredgrove"
  },
  {
    "Comment": "Checkers & Chess",
    "Id": 122,
    "NameId": 382885,
    "LocationId": 220302,
    "Position": [ -56.82748, -51.222416, 2740.9648 ],
    "SpawnPosition": [ -56.82748, -51.222416, 2740.9648 ],
    "Heading": -0.448383,
    "IconId": 1311,
    "NotificationType": 6,
    "SubNameId": 382845,
    "BreadcrumbQuestId": 1799,
    "TeleportLocationId": 220302,
    "AtlasName": "sacredgrove"
  },
  {
    "Comment": "Launch Pads",
    "Id": 123,
    "NameId": 426528,
    "LocationId": 459,
    "Position": [ -591.961, 2.407, -1133.201 ],
    "SpawnPosition": [ -591.961, 2.407, -1133.201 ],
    "Heading": -1.855,
    "IconId": 28411,
    "NotificationType": 6,
    "SubNameId": 382845,
    "TeleportLocationId": 459,
    "AtlasName": "sacredgrove"
  },
  {
    "Comment": "Launch Pads",
    "Id": 124,
    "NameId": 426528,
    "LocationId": 461,
    "Position": [ 96.778, 26.132, 297.871 ],
    "SpawnPosition": [ 96.778, 26.132, 297.871 ],
    "Heading": 2.522,
    "IconId": 28411,
    "NotificationType": 6,
    "SubNameId": 382845,
    "TeleportLocationId": 461,
    "AtlasName": "sacredgrove"
  },
  {
    "Comment": "Launch Pads",
    "Id": 125,
    "NameId": 426528,
    "LocationId": 462,
    "Position": [ -772.325, -6.138, 785.134 ],
    "SpawnPosition": [ -772.325, -6.138, 785.134 ],
    "Heading": -1.855,
    "IconId": 28411,
    "NotificationType": 6,
    "SubNameId": 382845,
    "TeleportLocationId": 462,
    "AtlasName": "sacredgrove"
  },
  {
    "Comment": "Launch Pads",
    "Id": 126,
    "NameId": 426528,
    "LocationId": 463,
    "Position": [ -998.931, -36.209, -255.435 ],
    "SpawnPosition": [ -998.931, -36.209, -255.435 ],
    "Heading": 1.864,
    "IconId": 28411,
    "NotificationType": 6,
    "SubNameId": 382845,
    "TeleportLocationId": 463,
    "AtlasName": "sacredgrove"
  },
  {
    "Comment": "Rainbow Lake",
    "Id": 127,
    "NameId": 93710,
    "LocationId": 209488,
    "Position": [ -718.06885, -6.88701, 789.2786 ],
    "SpawnPosition": [ -721.8116, -7.9043403, 786.9479 ],
    "Heading": 0.77712,
    "IconId": 21061,
    "NotificationType": 6,
    "SubNameId": 382845,
    "TeleportLocationId": 654,
    "AtlasName": "sacredgrove"
  },
  {
    "Comment": "Darklit Lagoon",
    "Id": 128,
    "NameId": 408604,
    "LocationId": 209484,
    "Position": [ -715.84015, -68.77992, 2409.3086 ],
    "SpawnPosition": [ -710.2161, -69.68167, 2400.617 ],
    "Heading": -0.54261,
    "IconId": 21061,
    "NotificationType": 6,
    "SubNameId": 382845,
    "TeleportLocationId": 220388,
    "AtlasName": "sacredgrove"
  },
  {
    "Comment": "Brambleback's Bayou",
    "Id": 129,
    "NameId": 408599,
    "LocationId": 209485,
    "Position": [ -536.3314, -74.24706, 2025.3947 ],
    "SpawnPosition": [ -532.2052, -75.18044, 2027.9241 ],
    "Heading": 2.65185,
    "IconId": 21061,
    "NotificationType": 6,
    "SubNameId": 382845,
    "TeleportLocationId": 220389,
    "AtlasName": "sacredgrove"
  },
  {
    "Comment": "Wintery Basin",
    "Id": 130,
    "NameId": 408622,
    "LocationId": 209498,
    "Position": [ 384.4602, 98.177055, 123.68239 ],
    "SpawnPosition": [ 384.4602, 98.177055, 123.68239 ],
    "Heading": 0.054736,
    "IconId": 21061,
    "NotificationType": 6,
    "SubNameId": 382845,
    "TeleportLocationId": 220391,
    "AtlasName": "sacredgrove"
  },
  {
    "Comment": "Frostbitten Banks",
    "Id": 131,
    "NameId": 408640,
    "LocationId": 209499,
    "Position": [ 127.42763, 25.90476, 398.15472 ],
    "SpawnPosition": [ 126.394875, 22.454958, 393.2157 ],
    "Heading": 1.50342,
    "IconId": 21061,
    "NotificationType": 6,
    "SubNameId": 382845,
    "TeleportLocationId": 220390,
    "AtlasName": "sacredgrove"
  },
  {
    "Comment": "Pirate's Plunder",
    "Id": 132,
    "NameId": 427834,
    "LocationId": 220996,
    "Position": [ -476.35446, -43.30268, -1329.7334 ],
    "SpawnPosition": [ -477.36664, -44.96954, -1326.6348 ],
    "Heading": -0.27094,
    "IconId": 30449,
    "NotificationType": 6,
    "SubNameId": 382845,
    "TeleportLocationId": 22,
    "AtlasName": "sacredgrove"
  },
  {
    "Comment": "Treasure War",
    "Id": 133,
    "NameId": 6949,
    "LocationId": 223151,
    "Position": [ -1466.6982, -38.99342, -530.22424 ],
    "SpawnPosition": [ -1466.6982, -38.99342, -530.22424 ],
    "Heading": 1.32072,
    "IconId": 34871,
    "NotificationType": 6,
    "SubNameId": 382845,
    "TeleportLocationId": 223714,
    "AtlasName": "sacredgrove"
  },
  {
    "Comment": "Spiralmint Patch",
    "Id": 134,
    "NameId": 434696,
    "LocationId": 224723,
    "Position": [ -567.214, 1.649, 115.041 ],
    "SpawnPosition": [ -567.214, 1.649, 115.041 ],
    "Heading": -3,
    "IconId": 35578,
    "NotificationType": 6,
    "SubNameId": 382845,
    "TeleportLocationId": 224723,
    "AtlasName": "sacredgrove"
  },
  {
    "Comment": "Bumbleberry Patch",
    "Id": 135,
    "NameId": 434698,
    "LocationId": 224724,
    "Position": [ -1676.497, -15.399, 123.509 ],
    "SpawnPosition": [ -1676.497, -15.399, 123.509 ],
    "Heading": -2,
    "IconId": 35578,
    "NotificationType": 6,
    "SubNameId": 382845,
    "TeleportLocationId": 224724,
    "AtlasName": "sacredgrove"
  },
  {
    "Comment": "Wildroot Patch",
    "Id": 136,
    "NameId": 434699,
    "LocationId": 224725,
    "Position": [ -2128.362, -31.576, 698.578 ],
    "SpawnPosition": [ -2128.362, -31.576, 698.578 ],
    "Heading": 2.953,
    "IconId": 35578,
    "NotificationType": 6,
    "SubNameId": 382845,
    "TeleportLocationId": 224725,
    "AtlasName": "sacredgrove"
  },
  {
    "Comment": "Spot the Difference",
    "Id": 137,
    "NameId": 436321,
    "LocationId": 225227,
    "Position": [ -1144.6514, -30.94746, -386.01028 ],
    "SpawnPosition": [ -1144.6514, -30.94746, -386.01028 ],
    "Heading": -2.88559,
    "IconId": 37346,
    "NotificationType": 6,
    "SubNameId": 382845,
    "TeleportLocationId": 225227,
    "AtlasName": "sacredgrove"
  },
  {
    "Comment": "Spot the Difference",
    "Id": 138,
    "NameId": 436321,
    "LocationId": 225228,
    "Position": [ -1313.8291, -15.344327, 291.77377 ],
    "SpawnPosition": [ -1313.8291, -15.344327, 291.77377 ],
    "Heading": -1.81902,
    "IconId": 37346,
    "NotificationType": 6,
    "SubNameId": 382845,
    "TeleportLocationId": 225228,
    "AtlasName": "sacredgrove"
  },
  {
    "Comment": "Spot the Difference",
    "Id": 139,
    "NameId": 436321,
    "LocationId": 225232,
    "Position": [ -588.5535, 1.078349, -1148.4408 ],
    "SpawnPosition": [ -588.5535, 1.078349, -1148.4408 ],
    "Heading": -2.747651,
    "IconId": 37346,
    "NotificationType": 6,
    "SubNameId": 382845,
    "TeleportLocationId": 225232,
    "AtlasName": "sacredgrove"
  },
  {
    "Comment": "Halloween Harry",
    "Id": 140,
    "NameId": 415047,
    "LocationId": 225235,
    "Position": [ -1309.381, -15.32, 301.756 ],
    "SpawnPosition": [ -1309.381, -15.32, 301.756 ],
    "Heading": -3.001,
    "IconId": 22377,
    "NotificationType": 6,
    "SubNameId": 382845,
    "TeleportLocationId": 225235,
    "AtlasName": "sacredgrove"
  },
  {
    "Comment": "The Rumbledome",
    "Id": 146,
    "NameId": 439064,
    "LocationId": 256670,
    "Position": [ 428.47153, 71.52556, 1840.5303 ],
    "SpawnPosition": [ 428.47153, 71.52556, 1840.5303 ],
    "Heading": 2.204849,
    "IconId": 11970,
    "NotificationType": 3,
    "SubNameId": 382845,
    "Unknown": 651,
    "TeleportLocationId": 256665,
    "AtlasName": "sunstone"
  },
  {
    "Comment": "Precursor Ruins",
    "Id": 147,
    "NameId": 402780,
    "LocationId": 209974,
    "Position": [ 419.8682, 8.108963, 2222.9663 ],
    "SpawnPosition": [ 419.8682, 8.108963, 2222.9663 ],
    "Heading": 0.148159,
    "IconId": 39857,
    "NotificationType": 10,
    "SubNameId": 651,
    "Unknown": 651,
    "TeleportLocationId": 256667,
    "AtlasName": "sunstone"
  },
  {
    "Comment": "Sandscale Oasis",
    "Id": 148,
    "NameId": 439065,
    "LocationId": 256671,
    "Position": [ 631.5846, 81.366646, 1760.9073 ],
    "SpawnPosition": [ 631.5846, 81.366646, 1760.9073 ],
    "Heading": -0.087886,
    "IconId": 11970,
    "NotificationType": 3,
    "SubNameId": 382845,
    "Unknown": 651,
    "TeleportLocationId": 256669,
    "AtlasName": "sunstone"
  },
  {
    "Comment": "Smelting & Forging",
    "Id": 149,
    "NameId": 1692,
    "LocationId": 257747,
    "Position": [ 574.93256, 88.93266, 1978.0752 ],
    "SpawnPosition": [ 574.93256, 88.93266, 1978.0752 ],
    "Heading": 0.048741,
    "IconId": 7569,
    "NotificationType": 6,
    "SubNameId": 382845,
    "Unknown": 651,
    "TeleportLocationId": 2103,
    "AtlasName": "sunstone"
  },
  {
    "Comment": "Smelting & Forging",
    "Id": 150,
    "NameId": 1693,
    "LocationId": 257882,
    "Position": [ 903.6693, -0.93243, 1975.7606 ],
    "SpawnPosition": [ 903.6693, -0.93243, 1975.7606 ],
    "Heading": 1.95223,
    "IconId": 7569,
    "NotificationType": 6,
    "SubNameId": 382845,
    "Unknown": 651,
    "TeleportLocationId": 2104,
    "AtlasName": "sunstone"
  },
  {
    "Comment": "Rumble Ridge",
    "Id": 151,
    "NameId": 1694,
    "LocationId": 258102,
    "Position": [ 500.98178, 71.54963, 1779.0615 ],
    "SpawnPosition": [ 500.98178, 70.25963, 1775.0615 ],
    "Heading": 0.29514,
    "IconId": 1345,
    "NotificationType": 7,
    "SubNameId": 382845,
    "Unknown": 651,
    "TeleportLocationId": 2105,
    "Unknown2": 100,
    "AtlasName": "sunstone"
  },
  {
    "Comment": "Sunstone Valley",
    "Id": 152,
    "NameId": 1695,
    "LocationId": 258103,
    "Position": [ 902.0522, 3.663198, 2235.3176 ],
    "SpawnPosition": [ 902.0522, 2.463198, 2240.3176 ],
    "Heading": -2.782342,
    "IconId": 1345,
    "NotificationType": 7,
    "SubNameId": 382845,
    "Unknown": 651,
    "TeleportLocationId": 2106,
    "Unknown2": 100,
    "AtlasName": "sunstone"
  },
  {
    "Id": 153,
    "TeleportLocationId": 1431
  },
  {
    "Comment": "Mysterious Merchant",
    "Id": 155,
    "NameId": 440942,
    "LocationId": 1872,
    "Position": [ 129.655, 28.593, 296.775 ],
    "SpawnPosition": [ 129.655, 28.593, 296.775 ],
    "Heading": 2.865,
    "IconId": 40647,
    "NotificationType": 6,
    "SubNameId": 382845,
    "TeleportLocationId": 1872,
    "AtlasName": "sacredgrove"
  },
  {
    "Comment": "Banker",
    "Id": 160,
    "NameId": 441416,
    "LocationId": 258357,
    "Position": [ -1283.139, -14, 337.387 ],
    "SpawnPosition": [ -1283.139, -14, 337.387 ],
    "Heading": -0.478,
    "IconId": 894,
    "NotificationType": 6,
    "SubNameId": 382845,
    "TeleportLocationId": 258357,
    "AtlasName": "sacredgrove"
  },
  {
    "Comment": "Banker",
    "Id": 161,
    "NameId": 441416,
    "LocationId": 258358,
    "Position": [ 202.673, 28, 417.93 ],
    "SpawnPosition": [ 202.673, 28, 417.93 ],
    "Heading": -1.155,
    "IconId": 894,
    "NotificationType": 6,
    "SubNameId": 382845,
    "TeleportLocationId": 258358,
    "AtlasName": "sacredgrove"
  },
  {
    "Comment": "Banker",
    "Id": 162,
    "NameId": 441416,
    "LocationId": 258359,
    "Position": [ -408.143, 11, -1140.247 ],
    "SpawnPosition": [ -408.143, 11, -1140.247 ],
    "Heading": 2.098,
    "IconId": 894,
    "NotificationType": 6,
    "SubNameId": 382845,
    "TeleportLocationId": 258359,
    "AtlasName": "sacredgrove"
  },
  {
    "Comment": "Candi Ivy",
    "Id": 163,
    "NameId": 419832,
    "LocationId": 1445,
    "Position": [ 225.495, 23.384, 398.523 ],
    "SpawnPosition": [ 225.495, 23.384, 398.523 ],
    "Heading": 1.101,
    "IconId": 28294,
    "NotificationType": 6,
    "SubNameId": 382845,
    "TeleportLocationId": 1445,
    "AtlasName": "sacredgrove"
  },
  {
    "Id": 164,
    "TeleportLocationId": 1450,
    "AtlasName": "sacredgrove"
  },
  {
    "Id": 165,
    "TeleportLocationId": 258444,
    "AtlasName": "sacredgrove"
  },
  {
    "Id": 166,
    "TeleportLocationId": 258835,
    "AtlasName": "sacredgrove"
  },
  {
    "Id": 167,
    "TeleportLocationId": 258836,
    "AtlasName": "sacredgrove"
  },
  {
    "Id": 168,
    "TeleportLocationId": 258837,
    "AtlasName": "sacredgrove"
  },
  {
    "Id": 169,
    "TeleportLocationId": 258838,
    "AtlasName": "sacredgrove"
  },
  {
    "Id": 170,
    "TeleportLocationId": 258960
  },
  {
    "Id": 171,
    "TeleportLocationId": 259408
  },
  {
    "Id": 172,
    "TeleportLocationId": 259707
  },
  {
    "Id": 173,
    "TeleportLocationId": 210027
  },
  {
    "Id": 174,
    "TeleportLocationId": 260340
  },
  {
    "Id": 175,
    "TeleportLocationId": 260454
  },
  {
    "Id": 176,
    "TeleportLocationId": 260493,
    "AtlasName": "sacredgrove"
  }
]