[
  {
    "Comment": "Supplies",
    "Id": 41,
    "CategoryIds": [
      41
    ]
  },
  {
    "Comment": "Food & Drink",
    "Id": 42,
    "CategoryIds": [
      42
    ]
  },
  {
    "Comment": "Potions",
    "Id": 43,
    "CategoryIds": [
      43
    ]
  },
  {
    "Comment": "Keys & Coin",
    "Id": 44,
    "CategoryIds": [
      44
    ]
  },
  {
    "Comment": "Clothes & Armor",
    "Id": 45,
    "CategoryIds": [
      45
    ]
  },
  {
    "Comment": "Miscellaneous",
    "Id": 48,
    "CategoryIds": [
      48
    ]
  },
  {
    "Comment": "Shoes",
    "Id": 49,
    "CategoryIds": [
      49
    ]
  },
  {
    "Comment": "Shirts & Dresses",
    "Id": 51,
    "CategoryIds": [
      51
    ]
  },
  {
    "Comment": "Gloves",
    "Id": 52,
    "CategoryIds": [
      52
    ]
  },
  {
    "Comment": "Headwear",
    "Id": 53,
    "CategoryIds": [
      53
    ]
  },
  {
    "Comment": "Pets",
    "Id": 59,
    "CategoryIds": [
      59
    ]
  },
  {
    "Comment": "Dogs",
    "Id": 60,
    "CategoryIds": [
      60
    ]
  },
  {
    "Comment": "",
    "Id": 77,
    "CategoryIds": [
      77
    ]
  },
  {
    "Comment": "Jewelry & Shards",
    "Id": 78,
    "CategoryIds": [
      78
    ]
  },
  {
    "Comment": "Power Shards",
    "Id": 80,
    "CategoryIds": [
      80
    ]
  },
  {
    "Comment": "FR Trading Card Game",
    "Id": 83,
    "CategoryIds": [
      83
    ]
  },
  {
    "Comment": "Dog Costume Pieces",
    "Id": 88,
    "CategoryIds": [
      88
    ]
  },
  {
    "Comment": "Jewelry",
    "Id": 89,
    "CategoryIds": [
      89
    ]
  },
  {
    "Comment": "Karts",
    "Id": 90,
    "CategoryIds": [
      90
    ]
  },
  {
    "Comment": "Boombox",
    "Id": 92,
    "CategoryIds": [
      92
    ]
  },
  {
    "Comment": "Classic Derby Karts",
    "Id": 94,
    "CategoryIds": [
      94
    ]
  },
  {
    "Comment": "Equipment and Clothing",
    "Id": 95,
    "CategoryIds": [
      95
    ]
  },
  {
    "Comment": "Weapons & Tools",
    "Id": 96,
    "CategoryIds": [
      96
    ]
  },
  {
    "Comment": "Shards and Jewelry",
    "Id": 97,
    "CategoryIds": [
      97
    ]
  },
  {
    "Comment": "Tools",
    "Id": 98,
    "CategoryIds": [
      98
    ]
  },
  {
    "Comment": "Extras",
    "Id": 99,
    "CategoryIds": [
      99
    ]
  },
  {
    "Comment": "Costumes",
    "Id": 101,
    "CategoryIds": [
      101
    ]
  },
  {
    "Comment": "Cats",
    "Id": 102,
    "CategoryIds": [
      102
    ]
  },
  {
    "Comment": "Pants",
    "Id": 103,
    "CategoryIds": [
      103
    ]
  },
  {
    "Comment": "Cat Costume Pieces",
    "Id": 104,
    "CategoryIds": [
      104
    ]
  },
  {
    "Comment": "Cat Costume Outfits",
    "Id": 105,
    "CategoryIds": [
      105
    ]
  },
  {
    "Comment": "Dog & Cat Costumes",
    "Id": 106,
    "CategoryIds": [
      106
    ]
  },
  {
    "Comment": "Race Kart Parts",
    "Id": 107,
    "CategoryIds": [
      107
    ]
  },
  {
    "Comment": "Derby Kart Parts",
    "Id": 108,
    "CategoryIds": [
      108
    ]
  },
  {
    "Comment": "Prime Race Karts",
    "Id": 109,
    "CategoryIds": [
      109
    ]
  },
  {
    "Comment": "Prime Derby Karts",
    "Id": 110,
    "CategoryIds": [
      110
    ]
  },
  {
    "Comment": "Supreme Race Karts",
    "Id": 111,
    "CategoryIds": [
      111
    ]
  },
  {
    "Comment": "Supreme Derby Karts",
    "Id": 112,
    "CategoryIds": [
      112
    ]
  },
  {
    "Comment": "Style Cards",
    "Id": 113,
    "CategoryIds": [
      113
    ]
  },
  {
    "Comment": "Face Paints",
    "Id": 115,
    "CategoryIds": [
      115
    ]
  },
  {
    "Comment": "Facial Hair Styles",
    "Id": 116,
    "CategoryIds": [
      116
    ]
  },
  {
    "Comment": "Hair Styles",
    "Id": 118,
    "CategoryIds": [
      118
    ]
  },
  {
    "Comment": "Wing Patterns",
    "Id": 119,
    "CategoryIds": [
      119
    ]
  },
  {
    "Comment": "Holiday & Events",
    "Id": 120,
    "CategoryIds": [
      120
    ]
  },
  {
    "Comment": "Housing",
    "Id": 122,
    "CategoryIds": [
      122
    ]
  },
  {
    "Comment": "Wall Hangings",
    "Id": 123,
    "CategoryIds": [
      123
    ]
  },
  {
    "Comment": "Furniture & Decorations",
    "Id": 125,
    "CategoryIds": [
      125
    ]
  },
  {
    "Comment": "Decorations",
    "Id": 126,
    "CategoryIds": [
      126
    ]
  },
  {
    "Comment": "Exterior Decorations",
    "Id": 127,
    "CategoryIds": [
      127
    ]
  },
  {
    "Comment": "Outdoor Equipment",
    "Id": 128,
    "CategoryIds": [
      128
    ]
  },
  {
    "Comment": "Houses",
    "Id": 130,
    "CategoryIds": [
      130
    ]
  },
  {
    "Comment": "Hair Colors",
    "Id": 132,
    "CategoryIds": [
      132
    ]
  },
  {
    "Comment": "Eye Colors",
    "Id": 133,
    "CategoryIds": [
      133
    ]
  },
  {
    "Comment": "Dragons",
    "Id": 134,
    "CategoryIds": [
      134
    ]
  },
  {
    "Comment": "Ponies",
    "Id": 135,
    "CategoryIds": [
      135
    ]
  },
  {
    "Comment": "Unicorns",
    "Id": 136,
    "CategoryIds": [
      136
    ]
  },
  {
    "Comment": "Pegasus",
    "Id": 137,
    "CategoryIds": [
      137
    ]
  },
  {
    "Comment": "Blocks",
    "Id": 138,
    "CategoryIds": [
      138
    ]
  },
  {
    "Comment": "Supplies",
    "Id": 139,
    "CategoryIds": [
      139
    ]
  },
  {
    "Comment": "Penguins",
    "Id": 141,
    "CategoryIds": [
      141
    ]
  },
  {
    "Comment": "Rides and Pets",
    "Id": 142,
    "CategoryIds": [
      142
    ]
  },
  {
    "Comment": "Floors",
    "Id": 143,
    "CategoryIds": [
      143
    ]
  },
  {
    "Comment": "Walls and Roofs",
    "Id": 144,
    "CategoryIds": [
      144
    ]
  },
  {
    "Comment": "Roofs",
    "Id": 145,
    "CategoryIds": [
      145
    ]
  },
  {
    "Comment": "Groundhogs",
    "Id": 146,
    "CategoryIds": [
      146
    ]
  },
  {
    "Comment": "Tigers",
    "Id": 147,
    "CategoryIds": [
      147
    ]
  },
  {
    "Comment": "Hippos",
    "Id": 150,
    "CategoryIds": [
      150
    ]
  },
  {
    "Comment": "Pegasus",
    "Id": 151,
    "CategoryIds": [
      151
    ]
  },
  {
    "Comment": "T-Rex",
    "Id": 152,
    "CategoryIds": [
      152
    ]
  },
  {
    "Comment": "Dragons",
    "Id": 153,
    "CategoryIds": [
      153
    ]
  },
  {
    "Comment": "Horses",
    "Id": 154,
    "CategoryIds": [
      154
    ]
  },
  {
    "Comment": "Unicorns",
    "Id": 155,
    "CategoryIds": [
      155
    ]
  },
  {
    "Comment": "Pegasus",
    "Id": 156,
    "CategoryIds": [
      156
    ]
  },
  {
    "Comment": "Hearts Pegasus",
    "Id": 157,
    "CategoryIds": [
      157
    ]
  },
  {
    "Comment": "Pegasus Unicorn",
    "Id": 158,
    "CategoryIds": [
      158
    ]
  },
  {
    "Comment": "Striped T-Rex",
    "Id": 159,
    "CategoryIds": [
      159
    ]
  },
  {
    "Comment": "Spotted T-Rex",
    "Id": 160,
    "CategoryIds": [
      160
    ]
  },
  {
    "Comment": "Gold-Tip Dragon",
    "Id": 161,
    "CategoryIds": [
      161
    ]
  },
  {
    "Comment": "Scaled Dragon",
    "Id": 162,
    "CategoryIds": [
      162
    ]
  },
  {
    "Comment": "Mare",
    "Id": 163,
    "CategoryIds": [
      163
    ]
  },
  {
    "Comment": "Stallion",
    "Id": 164,
    "CategoryIds": [
      164
    ]
  },
  {
    "Comment": "Unicorn",
    "Id": 165,
    "CategoryIds": [
      165
    ]
  },
  {
    "Comment": "Nightmare",
    "Id": 166,
    "CategoryIds": [
      166
    ]
  },
  {
    "Comment": "Pet Pals",
    "Id": 167,
    "CategoryIds": [
      167
    ]
  },
  {
    "Comment": "Balloon Animals",
    "Id": 168,
    "CategoryIds": [
      168
    ]
  },
  {
    "Comment": "Duckbills",
    "Id": 169,
    "CategoryIds": [
      169
    ]
  },
  {
    "Comment": "Owls",
    "Id": 170,
    "CategoryIds": [
      170
    ]
  },
  {
    "Comment": "Raptors",
    "Id": 171,
    "CategoryIds": [
      171
    ]
  },
  {
    "Comment": "Spiders",
    "Id": 172,
    "CategoryIds": [
      172
    ]
  },
  {
    "Comment": "T-Rex",
    "Id": 173,
    "CategoryIds": [
      173
    ]
  },
  {
    "Comment": "Triceratops",
    "Id": 174,
    "CategoryIds": [
      174
    ]
  },
  {
    "Comment": "Short Hair Cats",
    "Id": 175,
    "CategoryIds": [
      175
    ]
  },
  {
    "Comment": "Long Hair Cats",
    "Id": 176,
    "CategoryIds": [
      176
    ]
  },
  {
    "Comment": "Small Dogs",
    "Id": 177,
    "CategoryIds": [
      177
    ]
  },
  {
    "Comment": "Large Dogs",
    "Id": 178,
    "CategoryIds": [
      178
    ]
  },
  {
    "Comment": "Gold-Tip Dragon",
    "Id": 179,
    "CategoryIds": [
      179
    ]
  },
  {
    "Comment": "Spiked Dragon",
    "Id": 180,
    "CategoryIds": [
      180
    ]
  },
  {
    "Comment": "Owl",
    "Id": 181,
    "CategoryIds": [
      181
    ]
  },
  {
    "Comment": "Spotted Owl",
    "Id": 182,
    "CategoryIds": [
      182
    ]
  },
  {
    "Comment": "Pony",
    "Id": 183,
    "CategoryIds": [
      183
    ]
  },
  {
    "Comment": "Black-Tip Pony",
    "Id": 184,
    "CategoryIds": [
      184
    ]
  },
  {
    "Comment": "Spotted Pony",
    "Id": 185,
    "CategoryIds": [
      185
    ]
  },
  {
    "Comment": "Spider",
    "Id": 186,
    "CategoryIds": [
      186
    ]
  },
  {
    "Comment": "Furry Spider",
    "Id": 187,
    "CategoryIds": [
      187
    ]
  },
  {
    "Comment": "T-Rex",
    "Id": 188,
    "CategoryIds": [
      188
    ]
  },
  {
    "Comment": "Spiked T-Rex",
    "Id": 189,
    "CategoryIds": [
      189
    ]
  },
  {
    "Comment": "Unicorn",
    "Id": 190,
    "CategoryIds": [
      190
    ]
  },
  {
    "Comment": "Spotted Unicorn",
    "Id": 191,
    "CategoryIds": [
      191
    ]
  },
  {
    "Comment": "Beetles",
    "Id": 192,
    "CategoryIds": [
      192
    ]
  },
  {
    "Comment": "Palomino Pony",
    "Id": 193,
    "CategoryIds": [
      193
    ]
  },
  {
    "Comment": "Arched",
    "Id": 194,
    "CategoryIds": [
      194
    ]
  },
  {
    "Comment": "Cylinder",
    "Id": 195,
    "CategoryIds": [
      195
    ]
  },
  {
    "Comment": "Half Cylinder",
    "Id": 196,
    "CategoryIds": [
      196
    ]
  },
  {
    "Comment": "Half Cylinder Down",
    "Id": 197,
    "CategoryIds": [
      197
    ]
  },
  {
    "Comment": "Ramp",
    "Id": 198,
    "CategoryIds": [
      198
    ]
  },
  {
    "Comment": "Rectangle",
    "Id": 199,
    "CategoryIds": [
      199
    ]
  },
  {
    "Comment": "Tall Rectangle",
    "Id": 200,
    "CategoryIds": [
      200
    ]
  },
  {
    "Comment": "Flat Rectangle",
    "Id": 201,
    "CategoryIds": [
      201
    ]
  },
  {
    "Comment": "Square",
    "Id": 202,
    "CategoryIds": [
      202
    ]
  },
  {
    "Comment": "Flat Square",
    "Id": 203,
    "CategoryIds": [
      203
    ]
  },
  {
    "Comment": "Wedge",
    "Id": 204,
    "CategoryIds": [
      204
    ]
  },
  {
    "Comment": "Coins",
    "Id": 205,
    "CategoryIds": [
      205
    ]
  },
  {
    "Comment": "White-Nosed Stallion",
    "Id": 206,
    "CategoryIds": [
      206
    ]
  },
  {
    "Comment": "Lots & Farms",
    "Id": 207,
    "CategoryIds": [
      207
    ]
  },
  {
    "Comment": "Black-Nosed Stallion",
    "Id": 208,
    "CategoryIds": [
      208
    ]
  },
  {
    "Comment": "Game Creation",
    "Id": 209,
    "CategoryIds": [
      209
    ]
  },
  {
    "Comment": "Hoverboards",
    "Id": 210,
    "CategoryIds": [
      210
    ]
  },
  {
    "Comment": "Jackpot Plants",
    "Id": 211,
    "CategoryIds": [
      211
    ]
  },
  {
    "Comment": "Dwarftech Hoverboards",
    "Id": 212,
    "CategoryIds": [
      212
    ]
  },
  {
    "Comment": "Clockwork Hoverboards",
    "Id": 213,
    "CategoryIds": [
      213
    ]
  },
  {
    "Comment": "Precursor Hoverboards",
    "Id": 214,
    "CategoryIds": [
      214
    ]
  },
  {
    "Comment": "Treebles",
    "Id": 215,
    "CategoryIds": [
      215
    ]
  },
  {
    "Comment": "Surfboards",
    "Id": 216,
    "CategoryIds": [
      216
    ]
  },
  {
    "Comment": "Tigers",
    "Id": 217,
    "CategoryIds": [
      217
    ]
  },
  {
    "Comment": "Elemental Boards",
    "Id": 218,
    "CategoryIds": [
      218
    ]
  },
  {
    "Comment": "Monkeys",
    "Id": 219,
    "CategoryIds": [
      219
    ]
  },
  {
    "Comment": "Tiger",
    "Id": 220,
    "CategoryIds": [
      220
    ]
  },
  {
    "Comment": "Saber-Tooth Tiger",
    "Id": 221,
    "CategoryIds": [
      221
    ]
  },
  {
    "Comment": "Stone Saber-Tooth",
    "Id": 222,
    "CategoryIds": [
      222
    ]
  },
  {
    "Comment": "Lava Tiger",
    "Id": 223,
    "CategoryIds": [
      223
    ]
  },
  {
    "Comment": "Balls",
    "Id": 224,
    "CategoryIds": [
      224
    ]
  },
  {
    "Comment": "Armored T-Rex",
    "Id": 225,
    "CategoryIds": [
      225
    ]
  },
  {
    "Comment": "Wolves",
    "Id": 226,
    "CategoryIds": [
      226
    ]
  },
  {
    "Comment": "Wolf",
    "Id": 227,
    "CategoryIds": [
      227
    ]
  },
  {
    "Comment": "Pigs",
    "Id": 228,
    "CategoryIds": [
      228
    ]
  },
  {
    "Comment": "Bats",
    "Id": 229,
    "CategoryIds": [
      229
    ]
  },
  {
    "Comment": "Skeletal Dragon",
    "Id": 230,
    "CategoryIds": [
      230
    ]
  },
  {
    "Comment": "V. I. P.",
    "Id": 231,
    "CategoryIds": [
      231
    ]
  },
  {
    "Comment": "Elemental Rides",
    "Id": 232,
    "CategoryIds": [
      232
    ]
  },
  {
    "Comment": "Card Games",
    "Id": 233,
    "CategoryIds": [
      233
    ]
  },
  {
    "Comment": "Treasure War",
    "Id": 234,
    "CategoryIds": [
      234
    ]
  },
  {
    "Comment": "Farming",
    "Id": 235,
    "CategoryIds": [
      235
    ]
  },
  {
    "Comment": "Seeds",
    "Id": 236,
    "CategoryIds": [
      236
    ]
  },
  {
    "Comment": "Farms",
    "Id": 237,
    "CategoryIds": [
      237
    ]
  },
  {
    "Comment": "Supplies",
    "Id": 238,
    "CategoryIds": [
      238
    ]
  },
  {
    "Comment": "Bikes",
    "Id": 239,
    "CategoryIds": [
      239
    ]
  },
  {
    "Comment": "Tractors",
    "Id": 240,
    "CategoryIds": [
      240
    ]
  },
  {
    "Comment": "Structures",
    "Id": 241,
    "CategoryIds": [
      241
    ]
  },
  {
    "Comment": "Name Change",
    "Id": 242,
    "CategoryIds": [
      242
    ]
  },
  {
    "Comment": "Goods and Services",
    "Id": 243,
    "CategoryIds": [
      243
    ]
  },
  {
    "Comment": "Wolves",
    "Id": 244,
    "CategoryIds": [
      244
    ]
  },
  {
    "Comment": "Bats",
    "Id": 245,
    "CategoryIds": [
      245
    ]
  },
  {
    "Comment": "Dinosaurs",
    "Id": 246,
    "CategoryIds": [
      246
    ]
  },
  {
    "Comment": "Race Karts",
    "Id": 247,
    "CategoryIds": [
      247
    ]
  },
  {
    "Comment": "Derby Karts",
    "Id": 248,
    "CategoryIds": [
      248
    ]
  },
  {
    "Comment": "Building Blocks",
    "Id": 249,
    "CategoryIds": [
      249
    ]
  },
  {
    "Comment": "Crafts",
    "Id": 250,
    "CategoryIds": [
      250
    ]
  },
  {
    "Comment": "Crafting",
    "Id": 251,
    "CategoryIds": [
      251
    ]
  },
  {
    "Comment": "Supplies",
    "Id": 252,
    "CategoryIds": [
      252
    ]
  },
  {
    "Comment": "Coyotes",
    "Id": 253,
    "CategoryIds": [
      253
    ]
  },
  {
    "Comment": "Feathered Drakes",
    "Id": 254,
    "CategoryIds": [
      254
    ]
  },
  {
    "Comment": "Vultures",
    "Id": 255,
    "CategoryIds": [
      255
    ]
  },
  {
    "Comment": "Feathered Drakes",
    "Id": 256,
    "CategoryIds": [
      256
    ]
  },
  {
    "Comment": "Mechs",
    "Id": 257,
    "CategoryIds": [
      257
    ]
  },
  {
    "Comment": "Brick",
    "Id": 258,
    "CategoryIds": [
      258
    ]
  },
  {
    "Comment": "Cobblestone",
    "Id": 259,
    "CategoryIds": [
      259
    ]
  },
  {
    "Comment": "Marble",
    "Id": 260,
    "CategoryIds": [
      260
    ]
  },
  {
    "Comment": "Toy",
    "Id": 261,
    "CategoryIds": [
      261
    ]
  },
  {
    "Comment": "Wood",
    "Id": 262,
    "CategoryIds": [
      262
    ]
  },
  {
    "Comment": "Limited Time Only",
    "Id": 263,
    "CategoryIds": [
      263
    ]
  },
  {
    "Comment": "Pogo Sticks",
    "Id": 264,
    "CategoryIds": [
      264
    ]
  },
  {
    "Comment": "Specialty Blocks",
    "Id": 265,
    "CategoryIds": [
      265
    ]
  },
  {
    "Comment": "Winged",
    "Id": 266,
    "CategoryIds": [
      266
    ]
  },
  {
    "Comment": "Mechanical",
    "Id": 267,
    "CategoryIds": [
      267
    ]
  },
  {
    "Comment": "Exotic",
    "Id": 268,
    "CategoryIds": [
      268
    ]
  },
  {
    "Comment": "Non-Winged",
    "Id": 269,
    "CategoryIds": [
      269
    ]
  },
  {
    "Comment": "Membership",
    "Id": 1000,
    "CategoryIds": [
      1000
    ]
  },
  {
    "Comment": "Mysterious Merchant",
    "Id": 10001,
    "CategoryIds": [
      10001
    ]
  }
]