[
  {
    "Comment": "Miniclip",
    "Id": 1,
    "NameId": 151294,
    "Status": 1,
    "Image": {
      "Image": "17625"
    },
    "Entries": {
      "2917": {
        "StoreBundleId": 2917
      }
    }
  },
  {
    "Comment": "Bigpoint",
    "Id": 2,
    "NameId": 151295,
    "Status": 1,
    "Image": {
      "Image": "17624"
    },
    "Entries": {
      "2918": {
        "StoreBundleId": 2918
      },
      "2922": {
        "StoreBundleId": 2922
      }
    }
  },
  {
    "Comment": "Members Only",
    "Id": 3,
    "NameId": 21525,
    "Status": 1,
    "Image": {
      "Image": "45"
    },
    "Entries": {
      "3713": {
        "StoreBundleId": 3713
      },
      "4162": {
        "StoreBundleId": 4162
      },
      "3721": {
        "StoreBundleId": 3721
      },
      "5262": {
        "StoreBundleId": 5262,
        "DisplayOrder": 1
      },
      "4073": {
        "StoreBundleId": 4073
      },
      "4167": {
        "StoreBundleId": 4167
      },
      "4218": {
        "StoreBundleId": 4218
      },
      "4210": {
        "StoreBundleId": 4210
      },
      "4192": {
        "StoreBundleId": 4192,
        "DisplayOrder": 80
      },
      "4075": {
        "StoreBundleId": 4075
      },
      "4153": {
        "StoreBundleId": 4153,
        "DisplayOrder": 50
      },
      "4212": {
        "StoreBundleId": 4212
      },
      "3726": {
        "StoreBundleId": 3726
      },
      "4163": {
        "StoreBundleId": 4163
      },
      "4085": {
        "StoreBundleId": 4085
      },
      "4074": {
        "StoreBundleId": 4074
      },
      "4194": {
        "StoreBundleId": 4194
      },
      "4164": {
        "StoreBundleId": 4164,
        "DisplayOrder": 20
      },
      "4158": {
        "StoreBundleId": 4158
      },
      "4196": {
        "StoreBundleId": 4196
      },
      "4217": {
        "StoreBundleId": 4217
      },
      "4086": {
        "StoreBundleId": 4086
      },
      "4190": {
        "StoreBundleId": 4190
      },
      "3693": {
        "StoreBundleId": 3693
      },
      "4213": {
        "StoreBundleId": 4213
      },
      "4189": {
        "StoreBundleId": 4189
      },
      "4161": {
        "StoreBundleId": 4161
      },
      "4220": {
        "StoreBundleId": 4220
      },
      "4072": {
        "StoreBundleId": 4072
      },
      "4084": {
        "StoreBundleId": 4084
      },
      "4219": {
        "StoreBundleId": 4219
      },
      "4154": {
        "StoreBundleId": 4154
      },
      "4195": {
        "StoreBundleId": 4195,
        "DisplayOrder": 70
      },
      "4088": {
        "StoreBundleId": 4088
      },
      "4087": {
        "StoreBundleId": 4087
      },
      "4186": {
        "StoreBundleId": 4186
      },
      "4214": {
        "StoreBundleId": 4214
      },
      "5401": {
        "StoreBundleId": 5401,
        "DisplayOrder": 1
      },
      "3725": {
        "StoreBundleId": 3725
      },
      "3739": {
        "StoreBundleId": 3739
      },
      "4089": {
        "StoreBundleId": 4089
      },
      "4165": {
        "StoreBundleId": 4165
      },
      "4155": {
        "StoreBundleId": 4155
      },
      "4193": {
        "StoreBundleId": 4193
      },
      "5270": {
        "StoreBundleId": 5270,
        "DisplayOrder": 1
      },
      "4187": {
        "StoreBundleId": 4187
      },
      "4156": {
        "StoreBundleId": 4156,
        "DisplayOrder": 40
      },
      "5402": {
        "StoreBundleId": 5402,
        "DisplayOrder": 1
      },
      "4151": {
        "StoreBundleId": 4151
      },
      "4216": {
        "StoreBundleId": 4216
      },
      "4166": {
        "StoreBundleId": 4166,
        "DisplayOrder": 10
      },
      "4188": {
        "StoreBundleId": 4188
      },
      "4221": {
        "StoreBundleId": 4221
      },
      "4159": {
        "StoreBundleId": 4159
      },
      "4152": {
        "StoreBundleId": 4152
      },
      "4191": {
        "StoreBundleId": 4191
      },
      "4160": {
        "StoreBundleId": 4160,
        "DisplayOrder": 30
      },
      "4157": {
        "StoreBundleId": 4157
      },
      "5362": {
        "StoreBundleId": 5362,
        "DisplayOrder": 1
      },
      "4071": {
        "StoreBundleId": 4071
      },
      "5404": {
        "StoreBundleId": 5404,
        "DisplayOrder": 1
      },
      "5403": {
        "StoreBundleId": 5403,
        "DisplayOrder": 1
      },
      "4197": {
        "StoreBundleId": 4197
      },
      "3714": {
        "StoreBundleId": 3714
      },
      "4150": {
        "StoreBundleId": 4150,
        "DisplayOrder": 60
      },
      "4211": {
        "StoreBundleId": 4211
      },
      "4076": {
        "StoreBundleId": 4076
      },
      "5272": {
        "StoreBundleId": 5272,
        "DisplayOrder": 1
      },
      "4215": {
        "StoreBundleId": 4215
      }
    }
  },
  {
    "Comment": "Featured Items",
    "Id": 4,
    "NameId": 151325,
    "Status": 1,
    "Image": {
      "Image": "1"
    },
    "Entries": {
      "4635": {
        "StoreBundleId": 4635,
        "DisplayOrder": 1
      },
      "4634": {
        "StoreBundleId": 4634,
        "DisplayOrder": 3
      },
      "4627": {
        "StoreBundleId": 4627,
        "DisplayOrder": 10
      },
      "4637": {
        "StoreBundleId": 4637,
        "DisplayOrder": 5
      },
      "4615": {
        "StoreBundleId": 4615,
        "DisplayOrder": 20
      },
      "4633": {
        "StoreBundleId": 4633,
        "DisplayOrder": 30
      }
    }
  },
  {
    "Comment": "Top Sellers",
    "Id": 6,
    "NameId": 156763,
    "DescriptionId": 156763,
    "Status": 1,
    "Image": {
      "Image": "1"
    },
    "Entries": {
      "5800": {
        "StoreBundleId": 5800,
        "DisplayOrder": 3
      },
      "5799": {
        "StoreBundleId": 5799,
        "DisplayOrder": 4
      },
      "5798": {
        "StoreBundleId": 5798,
        "DisplayOrder": 5
      },
      "5787": {
        "StoreBundleId": 5787,
        "DisplayOrder": 20
      },
      "5792": {
        "StoreBundleId": 5792,
        "DisplayOrder": 10
      },
      "5782": {
        "StoreBundleId": 5782,
        "DisplayOrder": 40
      },
      "5797": {
        "StoreBundleId": 5797,
        "DisplayOrder": 30
      },
      "5777": {
        "StoreBundleId": 5777,
        "DisplayOrder": 50
      }
    }
  },
  {
    "Comment": "Soccer Items",
    "Id": 7,
    "NameId": 156817,
    "DescriptionId": 156817,
    "Status": 1,
    "Image": {
      "Image": "4336"
    },
    "Entries": {
      "3190": {
        "StoreBundleId": 3190
      },
      "3189": {
        "StoreBundleId": 3189
      },
      "3184": {
        "StoreBundleId": 3184
      },
      "3193": {
        "StoreBundleId": 3193
      },
      "3176": {
        "StoreBundleId": 3176
      },
      "3186": {
        "StoreBundleId": 3186
      },
      "3188": {
        "StoreBundleId": 3188
      },
      "3178": {
        "StoreBundleId": 3178
      },
      "3179": {
        "StoreBundleId": 3179
      },
      "3180": {
        "StoreBundleId": 3180
      },
      "3192": {
        "StoreBundleId": 3192
      },
      "3187": {
        "StoreBundleId": 3187
      },
      "3182": {
        "StoreBundleId": 3182
      },
      "3183": {
        "StoreBundleId": 3183
      },
      "3194": {
        "StoreBundleId": 3194
      },
      "3181": {
        "StoreBundleId": 3181
      },
      "3185": {
        "StoreBundleId": 3185
      },
      "3177": {
        "StoreBundleId": 3177
      }
    }
  },
  {
    "Comment": "V.I.P.",
    "Id": 10,
    "NameId": 436341,
    "DescriptionId": 436342,
    "Status": 1,
    "Image": {
      "Image": "7001",
      "Tint": "0"
    },
    "Entries": {
      "4854": {
        "StoreBundleId": 4854
      },
      "4859": {
        "StoreBundleId": 4859
      },
      "4853": {
        "StoreBundleId": 4853
      },
      "4848": {
        "StoreBundleId": 4848
      },
      "4849": {
        "StoreBundleId": 4849
      },
      "4857": {
        "StoreBundleId": 4857
      },
      "4851": {
        "StoreBundleId": 4851
      },
      "4856": {
        "StoreBundleId": 4856
      },
      "4855": {
        "StoreBundleId": 4855
      },
      "4852": {
        "StoreBundleId": 4852
      },
      "4850": {
        "StoreBundleId": 4850
      },
      "4860": {
        "StoreBundleId": 4860
      },
      "4858": {
        "StoreBundleId": 4858
      },
      "4847": {
        "StoreBundleId": 4847
      },
      "4846": {
        "StoreBundleId": 4846
      }
    }
  },
  {
    "Id": 11,
    "Status": 1,
    "Image": {
      "Image": "1",
      "Tint": "0"
    },
    "Entries": {
      "4596": {
        "StoreBundleId": 4596
      },
      "4865": {
        "StoreBundleId": 4865
      },
      "4885": {
        "StoreBundleId": 4885
      },
      "4846": {
        "StoreBundleId": 4846
      },
      "4536": {
        "StoreBundleId": 4536
      },
      "4715": {
        "StoreBundleId": 4715
      },
      "5261": {
        "StoreBundleId": 5261
      },
      "5259": {
        "StoreBundleId": 5259
      },
      "5253": {
        "StoreBundleId": 5253
      },
      "5247": {
        "StoreBundleId": 5247
      },
      "4978": {
        "StoreBundleId": 4978
      },
      "4603": {
        "StoreBundleId": 4603
      },
      "5250": {
        "StoreBundleId": 5250
      },
      "4666": {
        "StoreBundleId": 4666
      },
      "5254": {
        "StoreBundleId": 5254
      },
      "5249": {
        "StoreBundleId": 5249
      },
      "5251": {
        "StoreBundleId": 5251
      },
      "5246": {
        "StoreBundleId": 5246
      },
      "4295": {
        "StoreBundleId": 4295
      },
      "5252": {
        "StoreBundleId": 5252
      },
      "4786": {
        "StoreBundleId": 4786
      },
      "5260": {
        "StoreBundleId": 5260
      },
      "4634": {
        "StoreBundleId": 4634
      },
      "4296": {
        "StoreBundleId": 4296
      },
      "4633": {
        "StoreBundleId": 4633
      },
      "5239": {
        "StoreBundleId": 5239
      },
      "5255": {
        "StoreBundleId": 5255
      },
      "5248": {
        "StoreBundleId": 5248
      },
      "4701": {
        "StoreBundleId": 4701
      },
      "5258": {
        "StoreBundleId": 5258
      },
      "5256": {
        "StoreBundleId": 5256
      },
      "5257": {
        "StoreBundleId": 5257
      }
    }
  }
]