[
  {
    "Comment": "Supplies",
    "Id": 41,
    "NameId": 36,
    "Image": {
      "Image": "1161"
    },
    "DisplayOrder": 4
  },
  {
    "Comment": "Food & Drink",
    "Id": 42,
    "NameId": 962,
    "Image": {
      "Image": "972"
    },
    "ParentId": 136,
    "DisplayOrder": 3
  },
  {
    "Comment": "Potions",
    "Id": 43,
    "NameId": 961,
    "Image": {
      "Image": "973"
    },
    "ParentId": 136,
    "DisplayOrder": 1
  },
  {
    "Comment": "Keys & Coin",
    "Id": 44,
    "NameId": 231,
    "Image": {
      "Image": "676"
    },
    "ParentId": 136,
    "DisplayOrder": 1000
  },
  {
    "Comment": "Clothes & Armor",
    "Id": 45,
    "NameId": 23327,
    "Image": {
      "Image": "989"
    },
    "DisplayOrder": 100
  },
  {
    "Comment": "Miscellaneous",
    "Id": 48,
    "NameId": 23324,
    "Image": {
      "Image": "1303"
    },
    "ParentId": 91,
    "DisplayOrder": 1000
  },
  {
    "Comment": "Shoes",
    "Id": 49,
    "NameId": 2482,
    "Image": {
      "Image": "1299"
    },
    "ParentId": 91,
    "DisplayOrder": 70
  },
  {
    "Comment": "Shirts & Dresses",
    "Id": 51,
    "NameId": 23321,
    "Image": {
      "Image": "1298"
    },
    "ParentId": 91,
    "DisplayOrder": 50
  },
  {
    "Comment": "Gloves",
    "Id": 52,
    "NameId": 23320,
    "Image": {
      "Image": "1300"
    },
    "ParentId": 91,
    "DisplayOrder": 1000
  },
  {
    "Comment": "Headwear",
    "Id": 53,
    "NameId": 5101455,
    "Image": {
      "Image": "1301"
    },
    "ParentId": 91,
    "DisplayOrder": 40
  },
  {
    "Comment": "Pets",
    "Id": 59,
    "NameId": 954,
    "Image": {
      "Image": "1164"
    },
    "ParentId": 139,
    "DisplayOrder": 60
  },
  {
    "Comment": "Dogs",
    "Id": 60,
    "NameId": 150531,
    "Image": {
      "Image": "3203"
    },
    "ParentId": 59,
    "DisplayOrder": 40
  },
  {
    "Comment": "Jewelry & Shards",
    "Id": 78,
    "NameId": 2233,
    "Image": {
      "Image": "1153"
    },
    "DisplayOrder": 100
  },
  {
    "Comment": "Power Shards",
    "Id": 80,
    "NameId": 2414,
    "Image": {
      "Image": "1858"
    },
    "ParentId": 78
  },
  {
    "Comment": "FR Trading Card Game",
    "Id": 83,
    "NameId": 4745,
    "Image": {
      "Image": "47"
    },
    "ParentId": 233,
    "DisplayOrder": 1
  },
  {
    "Comment": "Dog Costume Pieces",
    "Id": 84,
    "NameId": 151358,
    "Image": {
      "Image": "4173"
    },
    "DisplayOrder": 100
  },
  {
    "Comment": "Jewelry",
    "Id": 86,
    "NameId": 42417,
    "Image": {
      "Image": "547"
    },
    "ParentId": 91,
    "DisplayOrder": 100
  },
  {
    "Comment": "Karts",
    "Id": 88,
    "NameId": 31024,
    "Image": {
      "Image": "984"
    },
    "DisplayOrder": 10
  },
  {
    "Comment": "Boombox",
    "Id": 89,
    "NameId": 151365,
    "Image": {
      "Image": "5922"
    },
    "ParentId": 136
  },
  {
    "Comment": "Classic Derby Karts",
    "Id": 90,
    "NameId": 151366,
    "Image": {
      "Image": "4233"
    },
    "ParentId": 88,
    "DisplayOrder": 100
  },
  {
    "Comment": "Equipment and Clothing",
    "Id": 91,
    "NameId": 5101177,
    "Image": {
      "Image": "1162"
    },
    "DisplayOrder": 9
  },
  {
    "Comment": "Weapons & Tools",
    "Id": 92,
    "NameId": 2412,
    "Image": {
      "Image": "1305"
    },
    "ParentId": 91,
    "DisplayOrder": 10
  },
  {
    "Comment": "Shards and Jewelry",
    "Id": 94,
    "NameId": 5101185,
    "Image": {
      "Image": "1877"
    },
    "ParentId": 91,
    "DisplayOrder": 80
  },
  {
    "Comment": "Tools",
    "Id": 95,
    "NameId": 23325,
    "Image": {
      "Image": "1304"
    },
    "ParentId": 91,
    "DisplayOrder": 20
  },
  {
    "Comment": "Extras",
    "Id": 96,
    "NameId": 59,
    "Image": {
      "Image": "1141"
    },
    "ParentId": 91,
    "DisplayOrder": 90
  },
  {
    "Comment": "Costumes",
    "Id": 97,
    "NameId": 5273,
    "Image": {
      "Image": "2112"
    },
    "ParentId": 91,
    "DisplayOrder": 30
  },
  {
    "Comment": "Cats",
    "Id": 98,
    "NameId": 150532,
    "Image": {
      "Image": "3188"
    },
    "ParentId": 59,
    "DisplayOrder": 30
  },
  {
    "Comment": "Pants",
    "Id": 99,
    "NameId": 23322,
    "Image": {
      "Image": "1302"
    },
    "ParentId": 91,
    "DisplayOrder": 60
  },
  {
    "Comment": "Cat Costume Pieces",
    "Id": 100,
    "NameId": 151357,
    "Image": {
      "Image": "4172"
    },
    "DisplayOrder": 100
  },
  {
    "Comment": "Cat Costume Outfits",
    "Id": 101,
    "NameId": 151359,
    "Image": {
      "Image": "4174"
    },
    "DisplayOrder": 100
  },
  {
    "Comment": "Dog & Cat Costumes",
    "Id": 102,
    "NameId": 151360,
    "Image": {
      "Image": "4175"
    },
    "ParentId": 139,
    "DisplayOrder": 70
  },
  {
    "Comment": "Race Kart Parts",
    "Id": 103,
    "NameId": 151363,
    "Image": {
      "Image": "4070"
    },
    "ParentId": 88,
    "DisplayOrder": 20
  },
  {
    "Comment": "Derby Kart Parts",
    "Id": 104,
    "NameId": 151364,
    "Image": {
      "Image": "4071"
    },
    "ParentId": 88,
    "DisplayOrder": 40
  },
  {
    "Comment": "Prime Race Karts",
    "Id": 105,
    "NameId": 151367,
    "Image": {
      "Image": "4237"
    },
    "ParentId": 88,
    "DisplayOrder": 100
  },
  {
    "Comment": "Prime Derby Karts",
    "Id": 106,
    "NameId": 151368,
    "Image": {
      "Image": "4236"
    },
    "ParentId": 88,
    "DisplayOrder": 100
  },
  {
    "Comment": "Supreme Race Karts",
    "Id": 107,
    "NameId": 151369,
    "Image": {
      "Image": "4240"
    },
    "ParentId": 88,
    "DisplayOrder": 100
  },
  {
    "Comment": "Supreme Derby Karts",
    "Id": 108,
    "NameId": 151370,
    "Image": {
      "Image": "4239"
    },
    "ParentId": 88,
    "DisplayOrder": 100
  },
  {
    "Comment": "Style Cards",
    "Id": 109,
    "NameId": 4570,
    "Image": {
      "Image": "4454"
    },
    "DisplayOrder": 8
  },
  {
    "Comment": "Face Paints",
    "Id": 110,
    "NameId": 4575,
    "Image": {
      "Image": "4459"
    },
    "ParentId": 109,
    "DisplayOrder": 50
  },
  {
    "Comment": "Facial Hair Styles",
    "Id": 111,
    "NameId": 4574,
    "Image": {
      "Image": "4460"
    },
    "ParentId": 109,
    "DisplayOrder": 30
  },
  {
    "Comment": "Hair Styles",
    "Id": 112,
    "NameId": 4571,
    "Image": {
      "Image": "4462"
    },
    "ParentId": 109,
    "DisplayOrder": 20
  },
  {
    "Comment": "Wing Patterns",
    "Id": 113,
    "NameId": 4576,
    "Image": {
      "Image": "4463"
    },
    "ParentId": 109,
    "DisplayOrder": 10
  },
  {
    "Comment": "Holiday & Events",
    "Id": 115,
    "NameId": 156827,
    "Image": {
      "Image": "4763"
    }
  },
  {
    "Comment": "Housing",
    "Id": 116,
    "NameId": 21088,
    "Image": {
      "Image": "94"
    },
    "DisplayOrder": 7
  },
  {
    "Comment": "Wall Hangings",
    "Id": 118,
    "NameId": 417372,
    "Image": {
      "Image": "4813"
    },
    "ParentId": 116,
    "DisplayOrder": 1000
  },
  {
    "Comment": "Furniture & Decorations",
    "Id": 119,
    "NameId": 95,
    "Image": {
      "Image": "4817"
    },
    "ParentId": 116,
    "DisplayOrder": 70
  },
  {
    "Comment": "Decorations",
    "Id": 120,
    "NameId": 417374,
    "Image": {
      "Image": "4819"
    },
    "ParentId": 116,
    "DisplayOrder": 60
  },
  {
    "Comment": "Exterior Decorations",
    "Id": 122,
    "NameId": 417376,
    "Image": {
      "Image": "4818"
    },
    "ParentId": 116,
    "DisplayOrder": 1000
  },
  {
    "Comment": "Outdoor Equipment",
    "Id": 123,
    "NameId": 417377,
    "Image": {
      "Image": "4815"
    },
    "ParentId": 116,
    "DisplayOrder": 60
  },
  {
    "Comment": "Houses",
    "Id": 125,
    "NameId": 156869,
    "Image": {
      "Image": "54"
    },
    "ParentId": 116,
    "DisplayOrder": 10
  },
  {
    "Comment": "Hair Colors",
    "Id": 126,
    "NameId": 4572,
    "Image": {
      "Image": "4461"
    },
    "ParentId": 109,
    "DisplayOrder": 40
  },
  {
    "Comment": "Eye Colors",
    "Id": 127,
    "NameId": 4573,
    "Image": {
      "Image": "4458"
    },
    "ParentId": 109,
    "DisplayOrder": 60
  },
  {
    "Comment": "Dragons",
    "Id": 128,
    "NameId": 5658,
    "Image": {
      "Image": "5929"
    },
    "ParentId": 59,
    "DisplayOrder": 50
  },
  {
    "Comment": "Ponies",
    "Id": 130,
    "NameId": 156887,
    "Image": {
      "Image": "5931"
    },
    "ParentId": 59,
    "DisplayOrder": 110
  },
  {
    "Comment": "Unicorns",
    "Id": 133,
    "NameId": 5660,
    "Image": {
      "Image": "5934"
    },
    "ParentId": 59,
    "DisplayOrder": 170
  },
  {
    "Comment": "Pegasus",
    "Id": 134,
    "NameId": 5656,
    "Image": {
      "Image": "5930"
    },
    "ParentId": 59,
    "DisplayOrder": 100
  },
  {
    "Comment": "Blocks",
    "Id": 135,
    "NameId": 156914,
    "Image": {
      "Image": "5599",
      "Tint": "243"
    },
    "ParentId": 116,
    "DisplayOrder": 1000
  },
  {
    "Comment": "Supplies",
    "Id": 136,
    "NameId": 413180,
    "Image": {
      "Image": "5989"
    },
    "DisplayOrder": 6
  },
  {
    "Comment": "Penguins",
    "Id": 138,
    "NameId": 6442,
    "Image": {
      "Image": "5946"
    },
    "ParentId": 59,
    "DisplayOrder": 5
  },
  {
    "Comment": "Rides and Pets",
    "Id": 139,
    "NameId": 5101156,
    "Image": {
      "Image": "681"
    },
    "DisplayOrder": 5
  },
  {
    "Comment": "Floors",
    "Id": 141,
    "NameId": 417371,
    "Image": {
      "Image": "4812"
    },
    "ParentId": 116,
    "DisplayOrder": 80
  },
  {
    "Comment": "Walls and Roofs",
    "Id": 142,
    "NameId": 421010,
    "Image": {
      "Image": "62"
    },
    "ParentId": 116,
    "DisplayOrder": 90
  },
  {
    "Comment": "Roofs",
    "Id": 143,
    "NameId": 417375,
    "Image": {
      "Image": "4814"
    },
    "ParentId": 116,
    "DisplayOrder": 1000
  },
  {
    "Comment": "Groundhogs",
    "Id": 144,
    "NameId": 4612,
    "Image": {
      "Image": "6254",
      "Tint": "453"
    },
    "ParentId": 59,
    "DisplayOrder": 70
  },
  {
    "Comment": "Tigers",
    "Id": 145,
    "NameId": 4770,
    "Image": {
      "Image": "6350"
    },
    "ParentId": 59,
    "DisplayOrder": 150
  },
  {
    "Comment": "Hippos",
    "Id": 146,
    "NameId": 4786,
    "Image": {
      "Image": "6354"
    },
    "ParentId": 59,
    "DisplayOrder": 80
  },
  {
    "Comment": "Pegasus",
    "Id": 150,
    "NameId": 5656,
    "Image": {
      "Image": "6319"
    },
    "ParentId": 139,
    "DisplayOrder": 10000
  },
  {
    "Comment": "T-Rex",
    "Id": 151,
    "NameId": 4791,
    "Image": {
      "Image": "6074",
      "Tint": "476"
    },
    "ParentId": 139,
    "DisplayOrder": 10000
  },
  {
    "Comment": "Dragons",
    "Id": 152,
    "NameId": 5658,
    "Image": {
      "Image": "6294"
    },
    "ParentId": 139,
    "DisplayOrder": 10000
  },
  {
    "Comment": "Horses",
    "Id": 153,
    "NameId": 5659,
    "Image": {
      "Image": "6317",
      "Tint": "97"
    },
    "ParentId": 139,
    "DisplayOrder": 10000
  },
  {
    "Comment": "Unicorns",
    "Id": 154,
    "NameId": 5660,
    "Image": {
      "Image": "6322",
      "Tint": "502"
    },
    "ParentId": 139,
    "DisplayOrder": 10000
  },
  {
    "Comment": "Pegasus",
    "Id": 155,
    "NameId": 5656,
    "Image": {
      "Image": "6319",
      "Tint": "97"
    },
    "ParentId": 150,
    "DisplayOrder": 30
  },
  {
    "Comment": "Hearts Pegasus",
    "Id": 156,
    "NameId": 10108,
    "Image": {
      "Image": "6318",
      "Tint": "498"
    },
    "ParentId": 150,
    "DisplayOrder": 20
  },
  {
    "Comment": "Pegasus Unicorn",
    "Id": 157,
    "NameId": 10110,
    "Image": {
      "Image": "6320",
      "Tint": "492"
    },
    "ParentId": 150,
    "DisplayOrder": 10
  },
  {
    "Comment": "Striped T-Rex",
    "Id": 158,
    "NameId": 5570,
    "Image": {
      "Image": "6074",
      "Tint": "477"
    },
    "ParentId": 151,
    "DisplayOrder": 20
  },
  {
    "Comment": "Spotted T-Rex",
    "Id": 159,
    "NameId": 5571,
    "Image": {
      "Image": "6252",
      "Tint": "486"
    },
    "ParentId": 151,
    "DisplayOrder": 10
  },
  {
    "Comment": "Gold-Tip Dragon",
    "Id": 160,
    "NameId": 10101,
    "Image": {
      "Image": "6075",
      "Tint": "428"
    },
    "ParentId": 152,
    "DisplayOrder": 20
  },
  {
    "Comment": "Scaled Dragon",
    "Id": 161,
    "NameId": 4897,
    "Image": {
      "Image": "6294",
      "Tint": "474"
    },
    "ParentId": 152,
    "DisplayOrder": 10
  },
  {
    "Comment": "Mare",
    "Id": 162,
    "NameId": 10105,
    "Image": {
      "Image": "6317",
      "Tint": "103"
    },
    "ParentId": 153,
    "DisplayOrder": 20
  },
  {
    "Comment": "Stallion",
    "Id": 163,
    "NameId": 10106,
    "Image": {
      "Image": "6324",
      "Tint": "487"
    },
    "ParentId": 153,
    "DisplayOrder": 10
  },
  {
    "Comment": "Unicorn",
    "Id": 164,
    "NameId": 4905,
    "Image": {
      "Image": "6322"
    },
    "ParentId": 154,
    "DisplayOrder": 10
  },
  {
    "Comment": "Nightmare",
    "Id": 165,
    "NameId": 4831,
    "Image": {
      "Image": "6355",
      "Tint": "493"
    },
    "ParentId": 153,
    "DisplayOrder": 30
  },
  {
    "Comment": "Pet Pals",
    "Id": 166,
    "NameId": 4779,
    "Image": {
      "Image": "6352"
    },
    "ParentId": 139,
    "DisplayOrder": 50
  },
  {
    "Comment": "Balloon Animals",
    "Id": 167,
    "NameId": 21621,
    "Image": {
      "Image": "6413",
      "Tint": "524"
    },
    "ParentId": 59,
    "DisplayOrder": 10
  },
  {
    "Comment": "Duckbills",
    "Id": 168,
    "NameId": 21615,
    "Image": {
      "Image": "5941",
      "Tint": "373"
    },
    "ParentId": 59,
    "DisplayOrder": 60
  },
  {
    "Comment": "Owls",
    "Id": 169,
    "NameId": 21616,
    "Image": {
      "Image": "6064",
      "Tint": "464"
    },
    "ParentId": 59,
    "DisplayOrder": 90
  },
  {
    "Comment": "Raptors",
    "Id": 170,
    "NameId": 21617,
    "Image": {
      "Image": "5942",
      "Tint": "402"
    },
    "ParentId": 59,
    "DisplayOrder": 120
  },
  {
    "Comment": "Spiders",
    "Id": 171,
    "NameId": 21618,
    "Image": {
      "Image": "5943",
      "Tint": "351"
    },
    "ParentId": 59,
    "DisplayOrder": 130
  },
  {
    "Comment": "T-Rex",
    "Id": 172,
    "NameId": 4791,
    "Image": {
      "Image": "5857",
      "Tint": "386"
    },
    "ParentId": 59,
    "DisplayOrder": 140
  },
  {
    "Comment": "Triceratops",
    "Id": 173,
    "NameId": 21620,
    "Image": {
      "Image": "5617",
      "Tint": "372"
    },
    "ParentId": 59,
    "DisplayOrder": 160
  },
  {
    "Comment": "Short Hair Cats",
    "Id": 174,
    "NameId": 29324,
    "Image": {
      "Image": "3190",
      "Tint": "146"
    },
    "ParentId": 98,
    "DisplayOrder": 1
  },
  {
    "Comment": "Long Hair Cats",
    "Id": 175,
    "NameId": 29325,
    "Image": {
      "Image": "3187",
      "Tint": "137"
    },
    "ParentId": 98,
    "DisplayOrder": 2
  },
  {
    "Comment": "Small Dogs",
    "Id": 176,
    "NameId": 29326,
    "Image": {
      "Image": "3210",
      "Tint": "197"
    },
    "ParentId": 60,
    "DisplayOrder": 1
  },
  {
    "Comment": "Large Dogs",
    "Id": 177,
    "NameId": 29327,
    "Image": {
      "Image": "3199",
      "Tint": "183"
    },
    "ParentId": 60,
    "DisplayOrder": 2
  },
  {
    "Comment": "Gold-Tip Dragon",
    "Id": 178,
    "NameId": 10101,
    "Image": {
      "Image": "5606",
      "Tint": "281"
    },
    "ParentId": 128,
    "DisplayOrder": 1
  },
  {
    "Comment": "Spiked Dragon",
    "Id": 179,
    "NameId": 29329,
    "Image": {
      "Image": "5607",
      "Tint": "286"
    },
    "ParentId": 128,
    "DisplayOrder": 2
  },
  {
    "Comment": "Owl",
    "Id": 180,
    "NameId": 5399,
    "Image": {
      "Image": "6064",
      "Tint": "458"
    },
    "ParentId": 169,
    "DisplayOrder": 1
  },
  {
    "Comment": "Spotted Owl",
    "Id": 181,
    "NameId": 29331,
    "Image": {
      "Image": "6065",
      "Tint": "463"
    },
    "ParentId": 169,
    "DisplayOrder": 2
  },
  {
    "Comment": "Pony",
    "Id": 182,
    "NameId": 29332,
    "Image": {
      "Image": "5611",
      "Tint": "338"
    },
    "ParentId": 130,
    "DisplayOrder": 1
  },
  {
    "Comment": "Black-Tip Pony",
    "Id": 183,
    "NameId": 29333,
    "Image": {
      "Image": "5612",
      "Tint": "308"
    },
    "ParentId": 130,
    "DisplayOrder": 2
  },
  {
    "Comment": "Spotted Pony",
    "Id": 184,
    "NameId": 29334,
    "Image": {
      "Image": "5613",
      "Tint": "315"
    },
    "ParentId": 130,
    "DisplayOrder": 3
  },
  {
    "Comment": "Spider",
    "Id": 185,
    "NameId": 3975,
    "Image": {
      "Image": "5943",
      "Tint": "345"
    },
    "ParentId": 171,
    "DisplayOrder": 1
  },
  {
    "Comment": "Furry Spider",
    "Id": 186,
    "NameId": 29336,
    "Image": {
      "Image": "5944",
      "Tint": "353"
    },
    "ParentId": 171,
    "DisplayOrder": 2
  },
  {
    "Comment": "T-Rex",
    "Id": 187,
    "NameId": 4791,
    "Image": {
      "Image": "5857",
      "Tint": "386"
    },
    "ParentId": 172,
    "DisplayOrder": 1
  },
  {
    "Comment": "Spiked T-Rex",
    "Id": 188,
    "NameId": 29338,
    "Image": {
      "Image": "5858",
      "Tint": "393"
    },
    "ParentId": 172,
    "DisplayOrder": 2
  },
  {
    "Comment": "Unicorn",
    "Id": 189,
    "NameId": 4905,
    "Image": {
      "Image": "5618",
      "Tint": "322"
    },
    "ParentId": 133,
    "DisplayOrder": 1
  },
  {
    "Comment": "Spotted Unicorn",
    "Id": 190,
    "NameId": 29340,
    "Image": {
      "Image": "5928",
      "Tint": "327"
    },
    "ParentId": 133,
    "DisplayOrder": 2
  },
  {
    "Comment": "Beetles",
    "Id": 191,
    "NameId": 4909,
    "Image": {
      "Image": "6076",
      "Tint": "432"
    },
    "ParentId": 59,
    "DisplayOrder": 20
  },
  {
    "Comment": "Palomino Pony",
    "Id": 192,
    "NameId": 4907,
    "Image": {
      "Image": "5610",
      "Tint": "303"
    },
    "ParentId": 130,
    "DisplayOrder": 3
  },
  {
    "Comment": "Arched",
    "Id": 193,
    "NameId": 14928,
    "Image": {
      "Image": "5952",
      "Tint": "249"
    },
    "ParentId": 135,
    "DisplayOrder": 10
  },
  {
    "Comment": "Cylinder",
    "Id": 194,
    "NameId": 14929,
    "Image": {
      "Image": "5954",
      "Tint": "243"
    },
    "ParentId": 135,
    "DisplayOrder": 20
  },
  {
    "Comment": "Half Cylinder",
    "Id": 195,
    "NameId": 14930,
    "Image": {
      "Image": "5956",
      "Tint": "231"
    },
    "ParentId": 135,
    "DisplayOrder": 30
  },
  {
    "Comment": "Half Cylinder Down",
    "Id": 196,
    "NameId": 14931,
    "Image": {
      "Image": "5958",
      "Tint": "258"
    },
    "ParentId": 135,
    "DisplayOrder": 40
  },
  {
    "Comment": "Ramp",
    "Id": 197,
    "NameId": 14932,
    "Image": {
      "Image": "5964",
      "Tint": "256"
    },
    "ParentId": 135,
    "DisplayOrder": 50
  },
  {
    "Comment": "Rectangle",
    "Id": 198,
    "NameId": 14933,
    "Image": {
      "Image": "5600",
      "Tint": "227"
    },
    "ParentId": 135,
    "DisplayOrder": 60
  },
  {
    "Comment": "Tall Rectangle",
    "Id": 199,
    "NameId": 14934,
    "Image": {
      "Image": "5950",
      "Tint": "245"
    },
    "ParentId": 135,
    "DisplayOrder": 70
  },
  {
    "Comment": "Flat Rectangle",
    "Id": 200,
    "NameId": 14935,
    "Image": {
      "Image": "5960",
      "Tint": "263"
    },
    "ParentId": 135,
    "DisplayOrder": 80
  },
  {
    "Comment": "Square",
    "Id": 201,
    "NameId": 14936,
    "Image": {
      "Image": "5599",
      "Tint": "237"
    },
    "ParentId": 135,
    "DisplayOrder": 90
  },
  {
    "Comment": "Flat Square",
    "Id": 202,
    "NameId": 14937,
    "Image": {
      "Image": "5962",
      "Tint": "264"
    },
    "ParentId": 135,
    "DisplayOrder": 100
  },
  {
    "Comment": "Wedge",
    "Id": 203,
    "NameId": 14938,
    "Image": {
      "Image": "5966",
      "Tint": "249"
    },
    "ParentId": 135,
    "DisplayOrder": 110
  },
  {
    "Comment": "Coins",
    "Id": 204,
    "NameId": 4923,
    "Image": {
      "Image": "4809"
    },
    "DisplayOrder": 100
  },
  {
    "Comment": "White-Nosed Stallion",
    "Id": 205,
    "NameId": 15014,
    "Image": {
      "Image": "6325",
      "Tint": "487"
    },
    "ParentId": 153,
    "DisplayOrder": 15
  },
  {
    "Comment": "Lots & Farms",
    "Id": 206,
    "NameId": 4935,
    "Image": {
      "Image": "6440"
    },
    "ParentId": 116,
    "DisplayOrder": 20
  },
  {
    "Comment": "Black-Nosed Stallion",
    "Id": 207,
    "NameId": 15012,
    "Image": {
      "Image": "6323",
      "Tint": "95"
    },
    "ParentId": 153,
    "DisplayOrder": 5
  },
  {
    "Comment": "Game Creation",
    "Id": 208,
    "NameId": 156948,
    "Image": {
      "Image": "6447"
    },
    "ParentId": 116,
    "DisplayOrder": 30
  },
  {
    "Comment": "Hoverboards",
    "Id": 209,
    "NameId": 156950,
    "Image": {
      "Image": "6446"
    },
    "ParentId": 139,
    "DisplayOrder": 10000
  },
  {
    "Comment": "Jackpot Plants",
    "Id": 210,
    "NameId": 156951,
    "Image": {
      "Image": "6437"
    },
    "ParentId": 116,
    "DisplayOrder": 100
  },
  {
    "Comment": "Dwarftech Hoverboards",
    "Id": 211,
    "NameId": 156954,
    "Image": {
      "Image": "6460"
    },
    "ParentId": 209
  },
  {
    "Comment": "Clockwork Hoverboards",
    "Id": 212,
    "NameId": 156955,
    "Image": {
      "Image": "6459"
    },
    "ParentId": 209
  },
  {
    "Comment": "Precursor Hoverboards",
    "Id": 213,
    "NameId": 156957,
    "Image": {
      "Image": "6457"
    },
    "ParentId": 209
  },
  {
    "Comment": "Treebles",
    "Id": 214,
    "NameId": 769,
    "Image": {
      "Image": "6479",
      "Tint": "542"
    },
    "ParentId": 59,
    "DisplayOrder": 7
  },
  {
    "Comment": "Surfboards",
    "Id": 215,
    "NameId": 5093,
    "Image": {
      "Image": "6658",
      "Tint": "92"
    },
    "ParentId": 209,
    "DisplayOrder": 1
  },
  {
    "Comment": "Tigers",
    "Id": 216,
    "NameId": 4770,
    "Image": {
      "Image": "6703",
      "Tint": "117"
    },
    "ParentId": 139,
    "DisplayOrder": 10000
  },
  {
    "Comment": "Elemental Boards",
    "Id": 217,
    "NameId": 156961,
    "Image": {
      "Image": "6792"
    },
    "ParentId": 209
  },
  {
    "Comment": "Monkeys",
    "Id": 218,
    "NameId": 5144,
    "Image": {
      "Image": "6794",
      "Tint": "93"
    },
    "ParentId": 59,
    "DisplayOrder": 20
  },
  {
    "Comment": "Tiger",
    "Id": 219,
    "NameId": 6182,
    "Image": {
      "Image": "6703"
    },
    "ParentId": 216
  },
  {
    "Comment": "Saber-Tooth Tiger",
    "Id": 220,
    "NameId": 6221,
    "Image": {
      "Image": "6738"
    },
    "ParentId": 216
  },
  {
    "Comment": "Stone Saber-Tooth",
    "Id": 221,
    "NameId": 430476,
    "Image": {
      "Image": "6821"
    },
    "ParentId": 216
  },
  {
    "Comment": "Lava Tiger",
    "Id": 222,
    "NameId": 6369,
    "Image": {
      "Image": "6825"
    },
    "ParentId": 216
  },
  {
    "Comment": "Balls",
    "Id": 223,
    "NameId": 430680,
    "Image": {
      "Image": "6854",
      "Tint": "92"
    },
    "ParentId": 139,
    "DisplayOrder": 10000
  },
  {
    "Comment": "Armored T-Rex",
    "Id": 225,
    "NameId": 6403,
    "Image": {
      "Image": "6838"
    },
    "ParentId": 151
  },
  {
    "Comment": "Wolves",
    "Id": 226,
    "NameId": 430765,
    "Image": {
      "Image": "6873",
      "Tint": "538"
    },
    "ParentId": 59
  },
  {
    "Comment": "Wolf",
    "Id": 227,
    "NameId": 6270,
    "Image": {
      "Image": "6873",
      "Tint": "541"
    },
    "ParentId": 226
  },
  {
    "Comment": "Pigs",
    "Id": 228,
    "NameId": 768,
    "Image": {
      "Image": "6890",
      "Tint": "92"
    },
    "ParentId": 59
  },
  {
    "Comment": "Bats",
    "Id": 229,
    "NameId": 432409,
    "Image": {
      "Image": "6937",
      "Tint": "108"
    },
    "ParentId": 59
  },
  {
    "Comment": "Skeletal Dragon",
    "Id": 230,
    "NameId": 6638,
    "Image": {
      "Image": "6947",
      "Tint": "264"
    },
    "ParentId": 152
  },
  {
    "Comment": "V. I. P.",
    "Id": 231,
    "NameId": 10391,
    "Image": {
      "Image": "7001"
    },
    "DisplayOrder": 100
  },
  {
    "Comment": "Elemental Rides",
    "Id": 232,
    "NameId": 432807,
    "Image": {
      "Image": "7015"
    },
    "ParentId": 139,
    "DisplayOrder": 10000
  },
  {
    "Comment": "Card Games",
    "Id": 233,
    "NameId": 31019,
    "Image": {
      "Image": "47"
    },
    "DisplayOrder": 3
  },
  {
    "Comment": "Treasure War",
    "Id": 234,
    "NameId": 6949,
    "Image": {
      "Image": "7036"
    },
    "ParentId": 233,
    "DisplayOrder": 2
  },
  {
    "Comment": "Farming",
    "Id": 235,
    "NameId": 434607,
    "Image": {
      "Image": "7158"
    },
    "DisplayOrder": 100
  },
  {
    "Comment": "Seeds",
    "Id": 236,
    "NameId": 434608,
    "Image": {
      "Image": "7160"
    },
    "ParentId": 235
  },
  {
    "Comment": "Farms",
    "Id": 237,
    "NameId": 434640,
    "Image": {
      "Image": "7168"
    },
    "ParentId": 235
  },
  {
    "Comment": "Supplies",
    "Id": 238,
    "NameId": 434707,
    "Image": {
      "Image": "7209"
    },
    "ParentId": 235
  },
  {
    "Comment": "Bikes",
    "Id": 239,
    "NameId": 435237,
    "Image": {
      "Image": "7296"
    },
    "ParentId": 139,
    "DisplayOrder": 10000
  },
  {
    "Comment": "Tractors",
    "Id": 240,
    "NameId": 435556,
    "Image": {
      "Image": "7401"
    },
    "ParentId": 139,
    "DisplayOrder": 10000
  },
  {
    "Comment": "Structures",
    "Id": 241,
    "NameId": 435713,
    "Image": {
      "Image": "7486"
    },
    "ParentId": 235
  },
  {
    "Comment": "Name Change",
    "Id": 242,
    "NameId": 436328,
    "Image": {
      "Image": "7502"
    },
    "ParentId": 109,
    "DisplayOrder": 1000
  },
  {
    "Comment": "Goods and Services",
    "Id": 243,
    "NameId": 436468,
    "Image": {
      "Image": "7667"
    },
    "DisplayOrder": 2
  },
  {
    "Comment": "Wolves",
    "Id": 244,
    "NameId": 430765,
    "Image": {
      "Image": "7650",
      "Tint": "262"
    },
    "ParentId": 139,
    "DisplayOrder": 10000
  },
  {
    "Comment": "Bats",
    "Id": 245,
    "NameId": 432409,
    "Image": {
      "Image": "7649",
      "Tint": "256"
    },
    "ParentId": 139,
    "DisplayOrder": 10000
  },
  {
    "Comment": "Dinosaurs",
    "Id": 246,
    "NameId": 459,
    "Image": {
      "Image": "5857"
    },
    "ParentId": 59
  },
  {
    "Comment": "Race Karts",
    "Id": 247,
    "NameId": 763,
    "Image": {
      "Image": "4240"
    },
    "ParentId": 88,
    "DisplayOrder": 10
  },
  {
    "Comment": "Derby Karts",
    "Id": 248,
    "NameId": 764,
    "Image": {
      "Image": "4236"
    },
    "ParentId": 88,
    "DisplayOrder": 30
  },
  {
    "Comment": "Building Blocks",
    "Id": 249,
    "NameId": 559,
    "Image": {
      "Image": "72"
    },
    "ParentId": 116,
    "DisplayOrder": 40
  },
  {
    "Comment": "Crafts",
    "Id": 250,
    "NameId": 46,
    "Image": {
      "Image": "1165"
    },
    "DisplayOrder": 100
  },
  {
    "Comment": "Crafting",
    "Id": 251,
    "NameId": 37,
    "Image": {
      "Image": "982"
    },
    "ParentId": 136,
    "DisplayOrder": 2
  },
  {
    "Comment": "Supplies",
    "Id": 252,
    "NameId": 36,
    "Image": {
      "Image": "983"
    },
    "ParentId": 136,
    "DisplayOrder": 1000
  },
  {
    "Comment": "Coyotes",
    "Id": 253,
    "NameId": 1991,
    "Image": {
      "Image": "7934",
      "Tint": "234"
    },
    "ParentId": 59,
    "DisplayOrder": 1
  },
  {
    "Comment": "Feathered Drakes",
    "Id": 254,
    "NameId": 1992,
    "Image": {
      "Image": "7966",
      "Tint": "227"
    },
    "ParentId": 59,
    "DisplayOrder": 2
  },
  {
    "Comment": "Vultures",
    "Id": 255,
    "NameId": 1993,
    "Image": {
      "Image": "7933",
      "Tint": "231"
    },
    "ParentId": 59,
    "DisplayOrder": 3
  },
  {
    "Comment": "Feathered Drakes",
    "Id": 256,
    "NameId": 1994,
    "Image": {
      "Image": "7927",
      "Tint": "256"
    },
    "ParentId": 139,
    "DisplayOrder": 10000
  },
  {
    "Comment": "Mechs",
    "Id": 257,
    "NameId": 1995,
    "Image": {
      "Image": "7928",
      "Tint": "227"
    },
    "ParentId": 139,
    "DisplayOrder": 10000
  },
  {
    "Comment": "Brick",
    "Id": 258,
    "NameId": 2592,
    "Image": {
      "Image": "7103",
      "Tint": "227"
    },
    "ParentId": 249,
    "DisplayOrder": 1000
  },
  {
    "Comment": "Cobblestone",
    "Id": 259,
    "NameId": 2593,
    "Image": {
      "Image": "7104",
      "Tint": "261"
    },
    "ParentId": 249,
    "DisplayOrder": 1000
  },
  {
    "Comment": "Marble",
    "Id": 260,
    "NameId": 2594,
    "Image": {
      "Image": "7106",
      "Tint": "249"
    },
    "ParentId": 249,
    "DisplayOrder": 1000
  },
  {
    "Comment": "Toy",
    "Id": 261,
    "NameId": 2595,
    "Image": {
      "Image": "7105",
      "Tint": "237"
    },
    "ParentId": 249,
    "DisplayOrder": 1000
  },
  {
    "Comment": "Wood",
    "Id": 262,
    "NameId": 2596,
    "Image": {
      "Image": "7107",
      "Tint": "234"
    },
    "ParentId": 249,
    "DisplayOrder": 1000
  },
  {
    "Comment": "Limited Time Only",
    "Id": 263,
    "NameId": 14143,
    "Image": {
      "Image": "93"
    },
    "DisplayOrder": 1
  },
  {
    "Comment": "Pogo Sticks",
    "Id": 264,
    "NameId": 14144,
    "Image": {
      "Image": "8121"
    },
    "ParentId": 139,
    "DisplayOrder": 10000
  },
  {
    "Comment": "Specialty Blocks",
    "Id": 265,
    "NameId": 754,
    "Image": {
      "Image": "8162"
    },
    "ParentId": 116,
    "DisplayOrder": 50
  },
  {
    "Comment": "Winged",
    "Id": 266,
    "NameId": 5101131,
    "Image": {
      "Image": "6294"
    },
    "ParentId": 139,
    "DisplayOrder": 10
  },
  {
    "Comment": "Mechanical",
    "Id": 267,
    "NameId": 5101133,
    "Image": {
      "Image": "7401"
    },
    "ParentId": 139,
    "DisplayOrder": 40
  },
  {
    "Comment": "Exotic",
    "Id": 268,
    "NameId": 5101132,
    "Image": {
      "Image": "6074"
    },
    "ParentId": 139,
    "DisplayOrder": 30
  },
  {
    "Comment": "Non-Winged",
    "Id": 269,
    "NameId": 5101134,
    "Image": {
      "Image": "6703"
    },
    "ParentId": 139,
    "DisplayOrder": 20
  },
  {
    "Comment": "Membership",
    "Id": 1000,
    "NameId": 644,
    "Image": {
      "Image": "45"
    },
    "DisplayOrder": 100
  },
  {
    "Comment": "Mysterious Merchant",
    "Id": 10001,
    "NameId": 440942,
    "Image": {
      "Image": "95"
    },
    "DisplayOrder": 100
  }
]